customer_email,first_name,last_name,phone,birthday,customer_image,hotel_id,hotel_city,hotel_name,hotel_description,hotel_stars,hotel_owner_email,hotel_image,start_date,end_date,adults,children,boylovers
cyer@ilovemen.ro,József,Szájer,,1961-09-07,/images/szajer.jfif,1,Fertő-tó,Hotel Nils am See,LGBT+hotel,4,lolo.for.gold_diggers@gas_fitter.hu,/images/nils.webp,2024-01-01,2024-01-12,1,0,4
elios@bff.cash.in,István,Tiborcz,+3628799130,1986-06-23,/images/tiborcz.jpg,2,Budapest,Botaniq Elite Club Hotel,Narancsszerető fiúk privát klubja.,5,elios@bff.cash.in,/images/botaniq.jpg,2024-01-04,2024-01-08,2,1,1
gulyigeri@fides.ru,Gergely,Gulyás,,1981-09-21,/images/gulyigeri.jpg,3,Felcsút,Hotel Belvedere,,5,lolo.for.gold_diggers@gas_fitter.hu,/images/belvedere.jpg,2024-01-07,2024-01-18,1,3,0
lolo.for.gold_diggers@gas_fitter.hu,Lőrinc,Mészáros,+3613209247,1966-02-24,/images/lolo.png,1,Fertő-tó,Hotel Nils am See,LGBT+hotel,4,lolo.for.gold_diggers@gas_fitter.hu,/images/nils.webp,2024-01-10,2024-01-11,1,1,3
peter.takacs2@bm.gov.hu,Péter,Takács,+3614411000,1979-12-14,/images/takacspeter.jpg,2,Budapest,Botaniq Elite Club Hotel,Narancsszerető fiúk privát klubja.,5,elios@bff.cash.in,/images/botaniq.jpg,2024-01-13,2024-01-22,1,1,10
random.numbers@fidesz.ru,Márton,Nagy,,,/images/nagymarton.jpg,3,Felcsút,Hotel Belvedere,,5,lolo.for.gold_diggers@gas_fitter.hu,/images/belvedere.jpg,2024-01-16,2024-01-28,4,1,7
zsoltibacsi@fidesz.hu,Zsolt,Semjén,107,1962-08-08,/images/zsoltibacsi.jpg,1,Fertő-tó,Hotel Nils am See,LGBT+hotel,4,lolo.for.gold_diggers@gas_fitter.hu,/images/nils.webp,2024-01-19,2024-01-29,3,0,2
otto.bakos7@example.com,Ottó,Bakos,+36398362082,1959-04-25,/images/default.png,2,Budapest,Botaniq Elite Club Hotel,Narancsszerető fiúk privát klubja.,5,elios@bff.cash.in,/images/botaniq.jpg,2024-01-22,2024-01-28,1,0,6
geza.csizmas8@example.com,Géza,Csizmás,+36469319644,1988-05-26,/images/default.png,3,Felcsút,Hotel Belvedere,,5,lolo.for.gold_diggers@gas_fitter.hu,/images/belvedere.jpg,2024-01-25,2024-01-26,4,0,6
ferenc.pap9@example.com,Ferenc,Pap,+36414797776,1990-10-28,/images/default.png,1,Fertő-tó,Hotel Nils am See,LGBT+hotel,4,lolo.for.gold_diggers@gas_fitter.hu,/images/nils.webp,2024-01-28,2024-02-03,2,0,0
misi.simon10@example.com,Misi,Simon,+36185675980,1964-02-13,/images/default.png,2,Budapest,Botaniq Elite Club Hotel,Narancsszerető fiúk privát klubja.,5,elios@bff.cash.in,/images/botaniq.jpg,2024-01-31,2024-02-05,4,2,2
sandor.csizmas11@example.com,Sándor,Csizmás,+36324956459,1992-05-23,/images/default.png,3,Felcsút,Hotel Belvedere,,5,lolo.for.gold_diggers@gas_fitter.hu,/images/belvedere.jpg,2024-02-03,2024-02-14,1,1,8
balazs.fekete12@example.com,Balázs,Fekete,+36596348124,1974-05-21,/images/default.png,1,Fertő-tó,Hotel Nils am See,LGBT+hotel,4,lolo.for.gold_diggers@gas_fitter.hu,/images/nils.webp,2024-02-06,2024-02-18,2,2,0
misi.toth13@example.com,Misi,Tóth,+36964411347,1970-07-09,/images/default.png,2,Budapest,Botaniq Elite Club Hotel,Narancsszerető fiúk privát klubja.,5,elios@bff.cash.in,/images/botaniq.jpg,2024-02-09,2024-02-11,2,2,3
arpad.fazekas14@example.com,Árpád,Fazekas,+36790256940,1979-03-09,/images/default.png,3,Felcsút,Hotel Belvedere,,5,lolo.for.gold_diggers@gas_fitter.hu,/images/belvedere.jpg,2024-02-12,2024-02-15,2,2,9
otto.fazekas15@example.com,Ottó,Fazekas,+36488690725,1964-03-17,/images/default.png,1,Fertő-tó,Hotel Nils am See,LGBT+hotel,4,lolo.for.gold_diggers@gas_fitter.hu,/images/nils.webp,2024-02-15,2024-02-23,1,0,1
peter.fekete16@example.com,Péter,Fekete,+36950488739,1993-07-20,/images/default.png,2,Budapest,Botaniq Elite Club Hotel,Narancsszerető fiúk privát klubja.,5,elios@bff.cash.in,/images/botaniq.jpg,2024-02-18,2024-02-20,4,3,9
zoltan.nyul17@example.com,Zoltán,Nyúl,+36369953851,1985-01-22,/images/default.png,3,Felcsút,Hotel Belvedere,,5,lolo.for.gold_diggers@gas_fitter.hu,/images/belvedere.jpg,2024-02-21,2024-03-04,1,2,10
laszlo.molnar18@example.com,László,Molnár,+36415143362,1977-03-15,/images/default.png,1,Fertő-tó,Hotel Nils am See,LGBT+hotel,4,lolo.for.gold_diggers@gas_fitter.hu,/images/nils.webp,2024-02-24,2024-02-25,3,1,8
geza.racz19@example.com,Géza,Rácz,+36786066793,1982-10-07,/images/default.png,2,Budapest,Botaniq Elite Club Hotel,Narancsszerető fiúk privát klubja.,5,elios@bff.cash.in,/images/botaniq.jpg,2024-02-27,2024-03-01,3,1,8
dominik.nagy20@example.com,Dominik,Nagy,+36743111853,1970-08-01,/images/default.png,3,Felcsút,Hotel Belvedere,,5,lolo.for.gold_diggers@gas_fitter.hu,/images/belvedere.jpg,2024-03-01,2024-03-03,3,2,3
david.szalai21@example.com,Dávid,Szalai,+36709194872,1955-02-24,/images/default.png,1,Fertő-tó,Hotel Nils am See,LGBT+hotel,4,lolo.for.gold_diggers@gas_fitter.hu,/images/nils.webp,2024-03-04,2024-03-12,1,1,2
kornel.pap22@example.com,Kornél,Pap,+36277303722,1966-09-28,/images/default.png,2,Budapest,Botaniq Elite Club Hotel,Narancsszerető fiúk privát klubja.,5,elios@bff.cash.in,/images/botaniq.jpg,2024-03-07,2024-03-17,4,1,8
robert.racz23@example.com,Róbert,Rácz,+36528414718,1992-11-12,/images/default.png,3,Felcsút,Hotel Belvedere,,5,lolo.for.gold_diggers@gas_fitter.hu,/images/belvedere.jpg,2024-03-10,2024-03-18,4,0,3
misi.horvath24@example.com,Misi,Horváth,+36463016614,1951-10-18,/images/default.png,1,Fertő-tó,Hotel Nils am See,LGBT+hotel,4,lolo.for.gold_diggers@gas_fitter.hu,/images/nils.webp,2024-03-13,2024-03-17,2,0,1
david.takacs25@example.com,Dávid,Takács,+36172370545,1952-06-03,/images/default.png,2,Budapest,Botaniq Elite Club Hotel,Narancsszerető fiúk privát klubja.,5,elios@bff.cash.in,/images/botaniq.jpg,2024-03-16,2024-03-25,2,2,10
arpad.fodor26@example.com,Árpád,Fodor,+36678998028,1958-12-19,/images/default.png,3,Felcsút,Hotel Belvedere,,5,lolo.for.gold_diggers@gas_fitter.hu,/images/belvedere.jpg,2024-03-19,2024-03-29,4,1,7
gusztav.meszaros27@example.com,Gusztáv,Mészáros,+36201281557,1956-11-14,/images/default.png,1,Fertő-tó,Hotel Nils am See,LGBT+hotel,4,lolo.for.gold_diggers@gas_fitter.hu,/images/nils.webp,2024-03-22,2024-03-28,4,3,7
david.kiss28@example.com,Dávid,Kiss,+36165082363,1975-12-11,/images/default.png,2,Budapest,Botaniq Elite Club Hotel,Narancsszerető fiúk privát klubja.,5,elios@bff.cash.in,/images/botaniq.jpg,2024-03-25,2024-04-07,1,1,3
robert.orbanics29@example.com,Róbert,Orbánics,+36581695135,1958-07-06,/images/default.png,3,Felcsút,Hotel Belvedere,,5,lolo.for.gold_diggers@gas_fitter.hu,/images/belvedere.jpg,2024-03-28,2024-04-02,4,1,1
marton.pap30@example.com,Márton,Pap,+36205128697,1953-11-18,/images/default.png,1,Fertő-tó,Hotel Nils am See,LGBT+hotel,4,lolo.for.gold_diggers@gas_fitter.hu,/images/nils.webp,2024-03-31,2024-04-14,1,0,3
tamas.gombos31@example.com,Tamás,Gombos,+36621453189,1980-04-28,/images/default.png,2,Budapest,Botaniq Elite Club Hotel,Narancsszerető fiúk privát klubja.,5,elios@bff.cash.in,/images/botaniq.jpg,2024-04-03,2024-04-10,1,1,6
adam.erdos32@example.com,Ádám,Erdős,+36384759615,2000-08-10,/images/default.png,3,Felcsút,Hotel Belvedere,,5,lolo.for.gold_diggers@gas_fitter.hu,/images/belvedere.jpg,2024-04-06,2024-04-13,4,1,3
gyuri.fodor33@example.com,Gyuri,Fodor,+36162795957,1987-12-18,/images/default.png,1,Fertő-tó,Hotel Nils am See,LGBT+hotel,4,lolo.for.gold_diggers@gas_fitter.hu,/images/nils.webp,2024-04-09,2024-04-10,3,0,0
kornel.makkai34@example.com,Kornél,Makkai,+36670292350,1960-01-17,/images/default.png,2,Budapest,Botaniq Elite Club Hotel,Narancsszerető fiúk privát klubja.,5,elios@bff.cash.in,/images/botaniq.jpg,2024-04-12,2024-04-14,2,0,9
elek.szalai35@example.com,Elek,Szalai,+36533550699,1957-10-08,/images/default.png,3,Felcsút,Hotel Belvedere,,5,lolo.for.gold_diggers@gas_fitter.hu,/images/belvedere.jpg,2024-04-15,2024-04-25,1,0,6
zsombor.nyul36@example.com,Zsombor,Nyúl,+36439699535,1966-04-22,/images/default.png,1,Fertő-tó,Hotel Nils am See,LGBT+hotel,4,lolo.for.gold_diggers@gas_fitter.hu,/images/nils.webp,2024-04-18,2024-04-30,3,1,4
jeno.balogh37@example.com,Jenő,Balogh,+36821221887,1991-05-15,/images/default.png,2,Budapest,Botaniq Elite Club Hotel,Narancsszerető fiúk privát klubja.,5,elios@bff.cash.in,/images/botaniq.jpg,2024-04-21,2024-04-27,1,0,7
zsombor.kiss38@example.com,Zsombor,Kiss,+36178663096,1984-04-17,/images/default.png,3,Felcsút,Hotel Belvedere,,5,lolo.for.gold_diggers@gas_fitter.hu,/images/belvedere.jpg,2024-04-24,2024-04-29,2,2,1
balazs.devenyi39@example.com,Balázs,Dévényi,+36406002884,1960-08-27,/images/default.png,1,Fertő-tó,Hotel Nils am See,LGBT+hotel,4,lolo.for.gold_diggers@gas_fitter.hu,/images/nils.webp,2024-04-27,2024-05-06,3,0,10
feri.racz40@example.com,Feri,Rácz,+36812308209,1956-03-09,/images/default.png,2,Budapest,Botaniq Elite Club Hotel,Narancsszerető fiúk privát klubja.,5,elios@bff.cash.in,/images/botaniq.jpg,2024-04-30,2024-05-02,1,1,4
gyuri.fodor41@example.com,Gyuri,Fodor,+36870530217,1971-04-22,/images/default.png,3,Felcsút,Hotel Belvedere,,5,lolo.for.gold_diggers@gas_fitter.hu,/images/belvedere.jpg,2024-05-03,2024-05-14,3,3,4
david.varga42@example.com,Dávid,Varga,+36781057736,1977-05-02,/images/default.png,1,Fertő-tó,Hotel Nils am See,LGBT+hotel,4,lolo.for.gold_diggers@gas_fitter.hu,/images/nils.webp,2024-05-06,2024-05-07,3,1,10
gergo.fekete43@example.com,Gergő,Fekete,+36895890631,1978-09-23,/images/default.png,2,Budapest,Botaniq Elite Club Hotel,Narancsszerető fiúk privát klubja.,5,elios@bff.cash.in,/images/botaniq.jpg,2024-05-09,2024-05-16,1,0,1
peter.orbanics44@example.com,Péter,Orbánics,+36138684919,1973-10-18,/images/default.png,3,Felcsút,Hotel Belvedere,,5,lolo.for.gold_diggers@gas_fitter.hu,/images/belvedere.jpg,2024-05-12,2024-05-15,4,1,0
imre.devenyi45@example.com,Imre,Dévényi,+36954829815,1952-06-07,/images/default.png,1,Fertő-tó,Hotel Nils am See,LGBT+hotel,4,lolo.for.gold_diggers@gas_fitter.hu,/images/nils.webp,2024-05-15,2024-05-26,2,0,5
feri.gombos46@example.com,Feri,Gombos,+36766430218,1997-03-08,/images/default.png,2,Budapest,Botaniq Elite Club Hotel,Narancsszerető fiúk privát klubja.,5,elios@bff.cash.in,/images/botaniq.jpg,2024-05-18,2024-06-01,2,1,6
bence.papp47@example.com,Bence,Papp,+36890880074,1971-07-26,/images/default.png,3,Felcsút,Hotel Belvedere,,5,lolo.for.gold_diggers@gas_fitter.hu,/images/belvedere.jpg,2024-05-21,2024-06-01,2,2,2
geza.erdos48@example.com,Géza,Erdős,+36141580226,1980-04-07,/images/default.png,1,Fertő-tó,Hotel Nils am See,LGBT+hotel,4,lolo.for.gold_diggers@gas_fitter.hu,/images/nils.webp,2024-05-24,2024-06-07,4,2,4
misi.takacs49@example.com,Misi,Takács,+36125409494,1992-04-13,/images/default.png,2,Budapest,Botaniq Elite Club Hotel,Narancsszerető fiúk privát klubja.,5,elios@bff.cash.in,/images/botaniq.jpg,2024-05-27,2024-06-02,3,0,4
karoly.makkai50@example.com,Károly,Makkai,+36529151399,1993-09-11,/images/default.png,3,Felcsút,Hotel Belvedere,,5,lolo.for.gold_diggers@gas_fitter.hu,/images/belvedere.jpg,2024-05-30,2024-05-31,1,2,2
gergo.toth51@example.com,Gergő,Tóth,+36216396351,1988-07-12,/images/default.png,1,Fertő-tó,Hotel Nils am See,LGBT+hotel,4,lolo.for.gold_diggers@gas_fitter.hu,/images/nils.webp,2024-06-02,2024-06-14,3,3,9
balint.molnar52@example.com,Bálint,Molnár,+36513600440,1986-04-09,/images/default.png,2,Budapest,Botaniq Elite Club Hotel,Narancsszerető fiúk privát klubja.,5,elios@bff.cash.in,/images/botaniq.jpg,2024-06-05,2024-06-06,4,0,8
erno.meszaros53@example.com,Ernő,Mészáros,+36491079829,1977-02-22,/images/default.png,3,Felcsút,Hotel Belvedere,,5,lolo.for.gold_diggers@gas_fitter.hu,/images/belvedere.jpg,2024-06-08,2024-06-14,3,0,4
balint.racz54@example.com,Bálint,Rácz,+36816070802,1976-06-13,/images/default.png,1,Fertő-tó,Hotel Nils am See,LGBT+hotel,4,lolo.for.gold_diggers@gas_fitter.hu,/images/nils.webp,2024-06-11,2024-06-23,3,1,3
gusztav.erdos55@example.com,Gusztáv,Erdős,+36827264603,1997-03-20,/images/default.png,2,Budapest,Botaniq Elite Club Hotel,Narancsszerető fiúk privát klubja.,5,elios@bff.cash.in,/images/botaniq.jpg,2024-06-14,2024-06-24,3,3,8
adam.racz56@example.com,Ádám,Rácz,+36408071259,1963-07-26,/images/default.png,3,Felcsút,Hotel Belvedere,,5,lolo.for.gold_diggers@gas_fitter.hu,/images/belvedere.jpg,2024-06-17,2024-06-27,3,3,7
marton.fodor57@example.com,Márton,Fodor,+36648868899,1980-12-06,/images/default.png,1,Fertő-tó,Hotel Nils am See,LGBT+hotel,4,lolo.for.gold_diggers@gas_fitter.hu,/images/nils.webp,2024-06-20,2024-07-01,1,2,8
laszlo.varga58@example.com,László,Varga,+36978775497,1998-04-22,/images/default.png,2,Budapest,Botaniq Elite Club Hotel,Narancsszerető fiúk privát klubja.,5,elios@bff.cash.in,/images/botaniq.jpg,2024-06-23,2024-06-28,2,1,2
bence.toth59@example.com,Bence,Tóth,+36362897676,1980-10-28,/images/default.png,3,Felcsút,Hotel Belvedere,,5,lolo.for.gold_diggers@gas_fitter.hu,/images/belvedere.jpg,2024-06-26,2024-07-09,1,3,6
zsombor.meszaros60@example.com,Zsombor,Mészáros,+36871318048,1994-07-16,/images/default.png,1,Fertő-tó,Hotel Nils am See,LGBT+hotel,4,lolo.for.gold_diggers@gas_fitter.hu,/images/nils.webp,2024-06-29,2024-07-06,2,1,10
adam.kiss61@example.com,Ádám,Kiss,+36935822550,1977-04-06,/images/default.png,2,Budapest,Botaniq Elite Club Hotel,Narancsszerető fiúk privát klubja.,5,elios@bff.cash.in,/images/botaniq.jpg,2024-07-02,2024-07-15,4,0,8
balazs.molnar62@example.com,Balázs,Molnár,+36590122159,1958-08-22,/images/default.png,3,Felcsút,Hotel Belvedere,,5,lolo.for.gold_diggers@gas_fitter.hu,/images/belvedere.jpg,2024-07-05,2024-07-14,3,3,9
balint.hegedus63@example.com,Bálint,Hegedűs,+36991816852,1985-08-06,/images/default.png,1,Fertő-tó,Hotel Nils am See,LGBT+hotel,4,lolo.for.gold_diggers@gas_fitter.hu,/images/nils.webp,2024-07-08,2024-07-20,4,3,4
balazs.gulyas64@example.com,Balázs,Gulyás,+36922286180,1999-09-16,/images/default.png,2,Budapest,Botaniq Elite Club Hotel,Narancsszerető fiúk privát klubja.,5,elios@bff.cash.in,/images/botaniq.jpg,2024-07-11,2024-07-22,2,2,7
elek.simon65@example.com,Elek,Simon,+36351785565,1967-06-11,/images/default.png,3,Felcsút,Hotel Belvedere,,5,lolo.for.gold_diggers@gas_fitter.hu,/images/belvedere.jpg,2024-07-14,2024-07-23,1,1,2
misi.erdos66@example.com,Misi,Erdős,+36845122940,1959-12-07,/images/default.png,1,Fertő-tó,Hotel Nils am See,LGBT+hotel,4,lolo.for.gold_diggers@gas_fitter.hu,/images/nils.webp,2024-07-17,2024-07-19,4,3,5
erno.juhasz67@example.com,Ernő,Juhász,+36546434187,1953-04-27,/images/default.png,2,Budapest,Botaniq Elite Club Hotel,Narancsszerető fiúk privát klubja.,5,elios@bff.cash.in,/images/botaniq.jpg,2024-07-20,2024-07-27,4,0,9
bela.kertesz68@example.com,Béla,Kertész,+36106330865,1972-05-25,/images/default.png,3,Felcsút,Hotel Belvedere,,5,lolo.for.gold_diggers@gas_fitter.hu,/images/belvedere.jpg,2024-07-23,2024-07-30,4,1,7
misi.gulyas69@example.com,Misi,Gulyás,+36567975319,1981-01-13,/images/default.png,1,Fertő-tó,Hotel Nils am See,LGBT+hotel,4,lolo.for.gold_diggers@gas_fitter.hu,/images/nils.webp,2024-07-26,2024-08-01,4,1,7
mark.orbanics70@example.com,Márk,Orbánics,+36128955006,1975-10-19,/images/default.png,2,Budapest,Botaniq Elite Club Hotel,Narancsszerető fiúk privát klubja.,5,elios@bff.cash.in,/images/botaniq.jpg,2024-07-29,2024-08-09,1,0,10
otto.balogh71@example.com,Ottó,Balogh,+36595744935,1961-01-09,/images/default.png,3,Felcsút,Hotel Belvedere,,5,lolo.for.gold_diggers@gas_fitter.hu,/images/belvedere.jpg,2024-08-01,2024-08-08,3,1,7
kalman.bakos72@example.com,Kálmán,Bakos,+36917364173,1974-05-25,/images/default.png,1,Fertő-tó,Hotel Nils am See,LGBT+hotel,4,lolo.for.gold_diggers@gas_fitter.hu,/images/nils.webp,2024-08-04,2024-08-18,4,2,1
kornel.kovacs73@example.com,Kornél,Kovács,+36904258674,1984-01-12,/images/default.png,2,Budapest,Botaniq Elite Club Hotel,Narancsszerető fiúk privát klubja.,5,elios@bff.cash.in,/images/botaniq.jpg,2024-08-07,2024-08-11,1,0,0
balazs.meszaros74@example.com,Balázs,Mészáros,+36121882877,1989-03-08,/images/default.png,3,Felcsút,Hotel Belvedere,,5,lolo.for.gold_diggers@gas_fitter.hu,/images/belvedere.jpg,2024-08-10,2024-08-13,4,0,9
zsolt.juhasz75@example.com,Zsolt,Juhász,+36851044796,1966-06-06,/images/default.png,1,Fertő-tó,Hotel Nils am See,LGBT+hotel,4,lolo.for.gold_diggers@gas_fitter.hu,/images/nils.webp,2024-08-13,2024-08-23,1,1,4
geza.kovacs76@example.com,Géza,Kovács,+36434961542,1986-11-13,/images/default.png,2,Budapest,Botaniq Elite Club Hotel,Narancsszerető fiúk privát klubja.,5,elios@bff.cash.in,/images/botaniq.jpg,2024-08-16,2024-08-23,2,0,9
balazs.kiss77@example.com,Balázs,Kiss,+36848605284,1999-05-28,/images/default.png,3,Felcsút,Hotel Belvedere,,5,lolo.for.gold_diggers@gas_fitter.hu,/images/belvedere.jpg,2024-08-19,2024-08-30,1,0,5
erno.hegedus78@example.com,Ernő,Hegedűs,+36810303128,1973-02-17,/images/default.png,1,Fertő-tó,Hotel Nils am See,LGBT+hotel,4,lolo.for.gold_diggers@gas_fitter.hu,/images/nils.webp,2024-08-22,2024-09-02,3,0,6
arpad.kiss79@example.com,Árpád,Kiss,+36565492204,1973-11-27,/images/default.png,2,Budapest,Botaniq Elite Club Hotel,Narancsszerető fiúk privát klubja.,5,elios@bff.cash.in,/images/botaniq.jpg,2024-08-25,2024-09-02,2,3,2
dominik.gulyas80@example.com,Dominik,Gulyás,+36761330848,2001-09-25,/images/default.png,3,Felcsút,Hotel Belvedere,,5,lolo.for.gold_diggers@gas_fitter.hu,/images/belvedere.jpg,2024-08-28,2024-09-05,4,3,9
kopasz.vincze81@example.com,Kopasz,Vincze,+36363598427,1955-05-15,/images/default.png,1,Fertő-tó,Hotel Nils am See,LGBT+hotel,4,lolo.for.gold_diggers@gas_fitter.hu,/images/nils.webp,2024-08-31,2024-09-04,4,3,5
bence.lendvai82@example.com,Bence,Lendvai,+36448981305,1961-08-07,/images/default.png,2,Budapest,Botaniq Elite Club Hotel,Narancsszerető fiúk privát klubja.,5,elios@bff.cash.in,/images/botaniq.jpg,2024-09-03,2024-09-09,3,2,4
kopasz.pap83@example.com,Kopasz,Pap,+36110899674,1983-04-03,/images/default.png,3,Felcsút,Hotel Belvedere,,5,lolo.for.gold_diggers@gas_fitter.hu,/images/belvedere.jpg,2024-09-06,2024-09-10,4,3,8
balazs.kertesz84@example.com,Balázs,Kertész,+36793532952,1995-08-15,/images/default.png,1,Fertő-tó,Hotel Nils am See,LGBT+hotel,4,lolo.for.gold_diggers@gas_fitter.hu,/images/nils.webp,2024-09-09,2024-09-22,1,0,4
misi.fazekas85@example.com,Misi,Fazekas,+36842800803,1965-05-22,/images/default.png,2,Budapest,Botaniq Elite Club Hotel,Narancsszerető fiúk privát klubja.,5,elios@bff.cash.in,/images/botaniq.jpg,2024-09-12,2024-09-22,3,3,8
dominik.csizmas86@example.com,Dominik,Csizmás,+36556881239,1997-09-11,/images/default.png,3,Felcsút,Hotel Belvedere,,5,lolo.for.gold_diggers@gas_fitter.hu,/images/belvedere.jpg,2024-09-15,2024-09-21,4,2,4
gergo.takacs87@example.com,Gergő,Takács,+36229553265,1996-04-11,/images/default.png,1,Fertő-tó,Hotel Nils am See,LGBT+hotel,4,lolo.for.gold_diggers@gas_fitter.hu,/images/nils.webp,2024-09-18,2024-09-20,2,1,3
kornel.gulyas88@example.com,Kornél,Gulyás,+36878017216,1987-09-20,/images/default.png,2,Budapest,Botaniq Elite Club Hotel,Narancsszerető fiúk privát klubja.,5,elios@bff.cash.in,/images/botaniq.jpg,2024-09-21,2024-09-26,1,1,4
misi.devenyi89@example.com,Misi,Dévényi,+36292673892,1969-01-23,/images/default.png,3,Felcsút,Hotel Belvedere,,5,lolo.for.gold_diggers@gas_fitter.hu,/images/belvedere.jpg,2024-09-24,2024-10-03,2,2,0
david.pap90@example.com,Dávid,Pap,+36413679331,1994-03-21,/images/default.png,1,Fertő-tó,Hotel Nils am See,LGBT+hotel,4,lolo.for.gold_diggers@gas_fitter.hu,/images/nils.webp,2024-09-27,2024-10-11,4,0,0
zsombor.simon91@example.com,Zsombor,Simon,+36604011128,1980-08-11,/images/default.png,2,Budapest,Botaniq Elite Club Hotel,Narancsszerető fiúk privát klubja.,5,elios@bff.cash.in,/images/botaniq.jpg,2024-09-30,2024-10-03,1,2,7
janos.horvath92@example.com,János,Horváth,+36530256336,1981-02-19,/images/default.png,3,Felcsút,Hotel Belvedere,,5,lolo.for.gold_diggers@gas_fitter.hu,/images/belvedere.jpg,2024-10-03,2024-10-14,1,1,2
zsombor.racz93@example.com,Zsombor,Rácz,+36191462297,1965-02-18,/images/default.png,1,Fertő-tó,Hotel Nils am See,LGBT+hotel,4,lolo.for.gold_diggers@gas_fitter.hu,/images/nils.webp,2024-10-06,2024-10-19,4,1,8
bela.ivan94@example.com,Béla,Iván,+36575368059,1969-10-14,/images/default.png,2,Budapest,Botaniq Elite Club Hotel,Narancsszerető fiúk privát klubja.,5,elios@bff.cash.in,/images/botaniq.jpg,2024-10-09,2024-10-14,1,0,3
zsolt.bognar95@example.com,Zsolt,Bognár,+36809129316,1955-03-08,/images/default.png,3,Felcsút,Hotel Belvedere,,5,lolo.for.gold_diggers@gas_fitter.hu,/images/belvedere.jpg,2024-10-12,2024-10-15,1,1,0
gusztav.ivan96@example.com,Gusztáv,Iván,+36840206617,1988-08-10,/images/default.png,1,Fertő-tó,Hotel Nils am See,LGBT+hotel,4,lolo.for.gold_diggers@gas_fitter.hu,/images/nils.webp,2024-10-15,2024-10-16,2,2,4
zoltan.horvath97@example.com,Zoltán,Horváth,+36838073939,1964-05-26,/images/default.png,2,Budapest,Botaniq Elite Club Hotel,Narancsszerető fiúk privát klubja.,5,elios@bff.cash.in,/images/botaniq.jpg,2024-10-18,2024-10-31,2,3,1
erno.takacs98@example.com,Ernő,Takács,+36795392488,1959-05-27,/images/default.png,3,Felcsút,Hotel Belvedere,,5,lolo.for.gold_diggers@gas_fitter.hu,/images/belvedere.jpg,2024-10-21,2024-10-24,1,0,2
imre.simon99@example.com,Imre,Simon,+36571537429,1957-08-23,/images/default.png,1,Fertő-tó,Hotel Nils am See,LGBT+hotel,4,lolo.for.gold_diggers@gas_fitter.hu,/images/nils.webp,2024-10-24,2024-10-29,4,2,8
erno.lendvai100@example.com,Ernő,Lendvai,+36570040006,1955-10-02,/images/default.png,2,Budapest,Botaniq Elite Club Hotel,Narancsszerető fiúk privát klubja.,5,elios@bff.cash.in,/images/botaniq.jpg,2024-10-27,2024-11-03,3,2,0
ferenc.takacs101@example.com,Ferenc,Takács,+36824022357,1986-10-01,/images/default.png,3,Felcsút,Hotel Belvedere,,5,lolo.for.gold_diggers@gas_fitter.hu,/images/belvedere.jpg,2024-10-30,2024-11-12,3,0,2
kornel.nyul102@example.com,Kornél,Nyúl,+36799552991,1978-05-06,/images/default.png,1,Fertő-tó,Hotel Nils am See,LGBT+hotel,4,lolo.for.gold_diggers@gas_fitter.hu,/images/nils.webp,2024-11-02,2024-11-12,4,3,1
kornel.csizmas103@example.com,Kornél,Csizmás,+36538460431,1971-06-22,/images/default.png,2,Budapest,Botaniq Elite Club Hotel,Narancsszerető fiúk privát klubja.,5,elios@bff.cash.in,/images/botaniq.jpg,2024-11-05,2024-11-07,2,2,6
arpad.simon104@example.com,Árpád,Simon,+36811443654,1975-09-02,/images/default.png,3,Felcsút,Hotel Belvedere,,5,lolo.for.gold_diggers@gas_fitter.hu,/images/belvedere.jpg,2024-11-08,2024-11-16,1,2,4
kalman.molnar105@example.com,Kálmán,Molnár,+36929517022,1975-09-27,/images/default.png,1,Fertő-tó,Hotel Nils am See,LGBT+hotel,4,lolo.for.gold_diggers@gas_fitter.hu,/images/nils.webp,2024-11-11,2024-11-12,4,3,0
robert.nyul106@example.com,Róbert,Nyúl,+36488457631,1989-08-21,/images/default.png,2,Budapest,Botaniq Elite Club Hotel,Narancsszerető fiúk privát klubja.,5,elios@bff.cash.in,/images/botaniq.jpg,2024-11-14,2024-11-22,1,1,4
feri.balogh107@example.com,Feri,Balogh,+36409268943,1978-12-16,/images/default.png,3,Felcsút,Hotel Belvedere,,5,lolo.for.gold_diggers@gas_fitter.hu,/images/belvedere.jpg,2024-11-17,2024-11-19,1,1,2
imre.pap108@example.com,Imre,Pap,+36114682844,1985-07-03,/images/default.png,1,Fertő-tó,Hotel Nils am See,LGBT+hotel,4,lolo.for.gold_diggers@gas_fitter.hu,/images/nils.webp,2024-11-20,2024-11-24,1,3,1
peter.lendvai109@example.com,Péter,Lendvai,+36869446962,1968-09-23,/images/default.png,2,Budapest,Botaniq Elite Club Hotel,Narancsszerető fiúk privát klubja.,5,elios@bff.cash.in,/images/botaniq.jpg,2024-11-23,2024-11-28,4,3,7
balazs.juhasz110@example.com,Balázs,Juhász,+36691916368,1959-07-07,/images/default.png,3,Felcsút,Hotel Belvedere,,5,lolo.for.gold_diggers@gas_fitter.hu,/images/belvedere.jpg,2024-11-26,2024-12-06,2,0,4
gusztav.bakos111@example.com,Gusztáv,Bakos,+36945805127,1982-05-27,/images/default.png,1,Fertő-tó,Hotel Nils am See,LGBT+hotel,4,lolo.for.gold_diggers@gas_fitter.hu,/images/nils.webp,2024-11-29,2024-11-30,3,2,9
arpad.nemeth112@example.com,Árpád,Németh,+36579476614,1984-08-12,/images/default.png,2,Budapest,Botaniq Elite Club Hotel,Narancsszerető fiúk privát klubja.,5,elios@bff.cash.in,/images/botaniq.jpg,2024-12-02,2024-12-08,4,3,5
robert.szalai113@example.com,Róbert,Szalai,+36713963047,1974-04-28,/images/default.png,3,Felcsút,Hotel Belvedere,,5,lolo.for.gold_diggers@gas_fitter.hu,/images/belvedere.jpg,2024-12-05,2024-12-18,4,0,5
kornel.erdos114@example.com,Kornél,Erdős,+36514548900,1992-11-05,/images/default.png,1,Fertő-tó,Hotel Nils am See,LGBT+hotel,4,lolo.for.gold_diggers@gas_fitter.hu,/images/nils.webp,2024-12-08,2024-12-16,1,1,8
laszlo.kiss115@example.com,László,Kiss,+36572775194,1956-09-15,/images/default.png,2,Budapest,Botaniq Elite Club Hotel,Narancsszerető fiúk privát klubja.,5,elios@bff.cash.in,/images/botaniq.jpg,2024-12-11,2024-12-12,2,3,10
peter.horvath116@example.com,Péter,Horváth,+36604111692,2000-05-11,/images/default.png,3,Felcsút,Hotel Belvedere,,5,lolo.for.gold_diggers@gas_fitter.hu,/images/belvedere.jpg,2024-12-14,2024-12-24,4,0,5
erno.erdos117@example.com,Ernő,Erdős,+36440012324,1990-12-25,/images/default.png,1,Fertő-tó,Hotel Nils am See,LGBT+hotel,4,lolo.for.gold_diggers@gas_fitter.hu,/images/nils.webp,2024-12-17,2024-12-25,1,0,3
gyuri.takacs118@example.com,Gyuri,Takács,+36901834280,1955-07-04,/images/default.png,2,Budapest,Botaniq Elite Club Hotel,Narancsszerető fiúk privát klubja.,5,elios@bff.cash.in,/images/botaniq.jpg,2024-12-20,2025-01-02,1,3,2
imre.kovacs119@example.com,Imre,Kovács,+36149382425,1970-01-10,/images/default.png,3,Felcsút,Hotel Belvedere,,5,lolo.for.gold_diggers@gas_fitter.hu,/images/belvedere.jpg,2024-12-23,2024-12-29,3,3,2
balazs.nyul120@example.com,Balázs,Nyúl,+36542437192,1986-11-26,/images/default.png,1,Fertő-tó,Hotel Nils am See,LGBT+hotel,4,lolo.for.gold_diggers@gas_fitter.hu,/images/nils.webp,2024-12-26,2024-12-29,2,1,1
bela.szalai121@example.com,Béla,Szalai,+36634366139,1987-03-08,/images/default.png,2,Budapest,Botaniq Elite Club Hotel,Narancsszerető fiúk privát klubja.,5,elios@bff.cash.in,/images/botaniq.jpg,2024-12-29,2025-01-06,3,3,4
adam.juhasz122@example.com,Ádám,Juhász,+36408842146,1993-09-06,/images/default.png,3,Felcsút,Hotel Belvedere,,5,lolo.for.gold_diggers@gas_fitter.hu,/images/belvedere.jpg,2025-01-01,2025-01-03,4,2,9
imre.hegedus123@example.com,Imre,Hegedűs,+36841218491,1966-08-28,/images/default.png,1,Fertő-tó,Hotel Nils am See,LGBT+hotel,4,lolo.for.gold_diggers@gas_fitter.hu,/images/nils.webp,2025-01-04,2025-01-09,2,3,7
geza.szalai124@example.com,Géza,Szalai,+36509486794,1986-06-19,/images/default.png,2,Budapest,Botaniq Elite Club Hotel,Narancsszerető fiúk privát klubja.,5,elios@bff.cash.in,/images/botaniq.jpg,2025-01-07,2025-01-12,3,0,10
jeno.gulyas125@example.com,Jenő,Gulyás,+36108695125,1986-11-25,/images/default.png,3,Felcsút,Hotel Belvedere,,5,lolo.for.gold_diggers@gas_fitter.hu,/images/belvedere.jpg,2025-01-10,2025-01-22,1,3,4
misi.csizmas126@example.com,Misi,Csizmás,+36335154329,1990-04-20,/images/default.png,1,Fertő-tó,Hotel Nils am See,LGBT+hotel,4,lolo.for.gold_diggers@gas_fitter.hu,/images/nils.webp,2025-01-13,2025-01-18,2,0,10
csaba.racz127@example.com,Csaba,Rácz,+36946764061,1978-01-19,/images/default.png,2,Budapest,Botaniq Elite Club Hotel,Narancsszerető fiúk privát klubja.,5,elios@bff.cash.in,/images/botaniq.jpg,2025-01-16,2025-01-22,2,0,4
kalman.gombos128@example.com,Kálmán,Gombos,+36288592093,1962-03-26,/images/default.png,3,Felcsút,Hotel Belvedere,,5,lolo.for.gold_diggers@gas_fitter.hu,/images/belvedere.jpg,2025-01-19,2025-01-28,3,2,2
gergo.kertesz129@example.com,Gergő,Kertész,+36965960427,1968-12-28,/images/default.png,1,Fertő-tó,Hotel Nils am See,LGBT+hotel,4,lolo.for.gold_diggers@gas_fitter.hu,/images/nils.webp,2025-01-22,2025-01-28,1,3,1
peter.takacs130@example.com,Péter,Takács,+36826197069,1996-11-13,/images/default.png,2,Budapest,Botaniq Elite Club Hotel,Narancsszerető fiúk privát klubja.,5,elios@bff.cash.in,/images/botaniq.jpg,2025-01-25,2025-02-08,3,0,6
adam.bognar131@example.com,Ádám,Bognár,+36676140134,1957-08-12,/images/default.png,3,Felcsút,Hotel Belvedere,,5,lolo.for.gold_diggers@gas_fitter.hu,/images/belvedere.jpg,2025-01-28,2025-02-08,3,3,10
sandor.kiss132@example.com,Sándor,Kiss,+36824600232,1964-08-01,/images/default.png,1,Fertő-tó,Hotel Nils am See,LGBT+hotel,4,lolo.for.gold_diggers@gas_fitter.hu,/images/nils.webp,2025-01-31,2025-02-10,3,1,10
elek.juhasz133@example.com,Elek,Juhász,+36852775879,1969-11-14,/images/default.png,2,Budapest,Botaniq Elite Club Hotel,Narancsszerető fiúk privát klubja.,5,elios@bff.cash.in,/images/botaniq.jpg,2025-02-03,2025-02-05,2,0,0
imre.lendvai134@example.com,Imre,Lendvai,+36224683417,1956-04-18,/images/default.png,3,Felcsút,Hotel Belvedere,,5,lolo.for.gold_diggers@gas_fitter.hu,/images/belvedere.jpg,2025-02-06,2025-02-09,4,3,5
erno.gombos135@example.com,Ernő,Gombos,+36730651895,1997-12-05,/images/default.png,1,Fertő-tó,Hotel Nils am See,LGBT+hotel,4,lolo.for.gold_diggers@gas_fitter.hu,/images/nils.webp,2025-02-09,2025-02-16,1,3,9
gusztav.gulyas136@example.com,Gusztáv,Gulyás,+36135128844,1994-06-07,/images/default.png,2,Budapest,Botaniq Elite Club Hotel,Narancsszerető fiúk privát klubja.,5,elios@bff.cash.in,/images/botaniq.jpg,2025-02-12,2025-02-20,4,1,5
geza.devenyi137@example.com,Géza,Dévényi,+36684615760,1991-06-02,/images/default.png,3,Felcsút,Hotel Belvedere,,5,lolo.for.gold_diggers@gas_fitter.hu,/images/belvedere.jpg,2025-02-15,2025-02-22,3,1,1
zoltan.varga138@example.com,Zoltán,Varga,+36811642514,1963-11-21,/images/default.png,1,Fertő-tó,Hotel Nils am See,LGBT+hotel,4,lolo.for.gold_diggers@gas_fitter.hu,/images/nils.webp,2025-02-18,2025-02-28,1,0,5
balazs.balogh139@example.com,Balázs,Balogh,+36945011302,1986-04-03,/images/default.png,2,Budapest,Botaniq Elite Club Hotel,Narancsszerető fiúk privát klubja.,5,elios@bff.cash.in,/images/botaniq.jpg,2025-02-21,2025-03-07,2,1,3
laszlo.nemeth140@example.com,László,Németh,+36946799779,1988-01-09,/images/default.png,3,Felcsút,Hotel Belvedere,,5,lolo.for.gold_diggers@gas_fitter.hu,/images/belvedere.jpg,2025-02-24,2025-03-10,2,1,8
gergo.papp141@example.com,Gergő,Papp,+36218032515,1992-01-05,/images/default.png,1,Fertő-tó,Hotel Nils am See,LGBT+hotel,4,lolo.for.gold_diggers@gas_fitter.hu,/images/nils.webp,2025-02-27,2025-02-28,3,1,9
kalman.kovacs142@example.com,Kálmán,Kovács,+36287095435,1966-01-05,/images/default.png,2,Budapest,Botaniq Elite Club Hotel,Narancsszerető fiúk privát klubja.,5,elios@bff.cash.in,/images/botaniq.jpg,2025-03-02,2025-03-14,4,0,1
kornel.ivan143@example.com,Kornél,Iván,+36935389432,1973-09-19,/images/default.png,3,Felcsút,Hotel Belvedere,,5,lolo.for.gold_diggers@gas_fitter.hu,/images/belvedere.jpg,2025-03-05,2025-03-07,4,1,9
csaba.nyul144@example.com,Csaba,Nyúl,+36423873102,1979-11-01,/images/default.png,1,Fertő-tó,Hotel Nils am See,LGBT+hotel,4,lolo.for.gold_diggers@gas_fitter.hu,/images/nils.webp,2025-03-08,2025-03-09,4,3,6
geza.lendvai145@example.com,Géza,Lendvai,+36864935082,1978-02-03,/images/default.png,2,Budapest,Botaniq Elite Club Hotel,Narancsszerető fiúk privát klubja.,5,elios@bff.cash.in,/images/botaniq.jpg,2025-03-11,2025-03-17,2,0,2
kopasz.pap146@example.com,Kopasz,Pap,+36864668242,1970-07-20,/images/default.png,3,Felcsút,Hotel Belvedere,,5,lolo.for.gold_diggers@gas_fitter.hu,/images/belvedere.jpg,2025-03-14,2025-03-23,3,3,8
otto.kiss147@example.com,Ottó,Kiss,+36951580447,1994-02-28,/images/default.png,1,Fertő-tó,Hotel Nils am See,LGBT+hotel,4,lolo.for.gold_diggers@gas_fitter.hu,/images/nils.webp,2025-03-17,2025-03-28,2,3,7
misi.gombos148@example.com,Misi,Gombos,+36463925049,2002-08-13,/images/default.png,2,Budapest,Botaniq Elite Club Hotel,Narancsszerető fiúk privát klubja.,5,elios@bff.cash.in,/images/botaniq.jpg,2025-03-20,2025-03-27,1,2,6
kalman.bognar149@example.com,Kálmán,Bognár,+36501902658,1959-11-16,/images/default.png,3,Felcsút,Hotel Belvedere,,5,lolo.for.gold_diggers@gas_fitter.hu,/images/belvedere.jpg,2025-03-23,2025-03-25,1,0,1
otto.kiss150@example.com,Ottó,Kiss,+36899496315,1997-06-26,/images/default.png,1,Fertő-tó,Hotel Nils am See,LGBT+hotel,4,lolo.for.gold_diggers@gas_fitter.hu,/images/nils.webp,2025-03-26,2025-03-29,1,2,10
janos.gombos151@example.com,János,Gombos,+36479673044,1992-07-28,/images/default.png,2,Budapest,Botaniq Elite Club Hotel,Narancsszerető fiúk privát klubja.,5,elios@bff.cash.in,/images/botaniq.jpg,2025-03-29,2025-04-10,1,2,9
imre.csizmas152@example.com,Imre,Csizmás,+36211240259,1986-09-07,/images/default.png,3,Felcsút,Hotel Belvedere,,5,lolo.for.gold_diggers@gas_fitter.hu,/images/belvedere.jpg,2025-04-01,2025-04-04,4,1,1
karoly.pap153@example.com,Károly,Pap,+36494665673,1957-05-19,/images/default.png,1,Fertő-tó,Hotel Nils am See,LGBT+hotel,4,lolo.for.gold_diggers@gas_fitter.hu,/images/nils.webp,2025-04-04,2025-04-08,4,0,9
kopasz.kovacs154@example.com,Kopasz,Kovács,+36293720285,1967-12-25,/images/default.png,2,Budapest,Botaniq Elite Club Hotel,Narancsszerető fiúk privát klubja.,5,elios@bff.cash.in,/images/botaniq.jpg,2025-04-07,2025-04-12,3,2,0
pisti.nemeth155@example.com,Pisti,Németh,+36708082645,1992-07-03,/images/default.png,3,Felcsút,Hotel Belvedere,,5,lolo.for.gold_diggers@gas_fitter.hu,/images/belvedere.jpg,2025-04-10,2025-04-13,1,0,8
zsolt.erdos156@example.com,Zsolt,Erdős,+36550791704,1979-06-06,/images/default.png,1,Fertő-tó,Hotel Nils am See,LGBT+hotel,4,lolo.for.gold_diggers@gas_fitter.hu,/images/nils.webp,2025-04-13,2025-04-19,3,2,9
ferenc.szabo157@example.com,Ferenc,Szabó,+36267052653,1960-10-02,/images/default.png,2,Budapest,Botaniq Elite Club Hotel,Narancsszerető fiúk privát klubja.,5,elios@bff.cash.in,/images/botaniq.jpg,2025-04-16,2025-04-27,1,2,7
otto.lendvai158@example.com,Ottó,Lendvai,+36751842899,1978-07-09,/images/default.png,3,Felcsút,Hotel Belvedere,,5,lolo.for.gold_diggers@gas_fitter.hu,/images/belvedere.jpg,2025-04-19,2025-04-23,1,2,6
janos.simon159@example.com,János,Simon,+36828230915,1993-10-16,/images/default.png,1,Fertő-tó,Hotel Nils am See,LGBT+hotel,4,lolo.for.gold_diggers@gas_fitter.hu,/images/nils.webp,2025-04-22,2025-05-01,3,0,3
jeno.szabo160@example.com,Jenő,Szabó,+36108253947,1963-05-07,/images/default.png,2,Budapest,Botaniq Elite Club Hotel,Narancsszerető fiúk privát klubja.,5,elios@bff.cash.in,/images/botaniq.jpg,2025-04-25,2025-05-08,2,2,4
kalman.molnar161@example.com,Kálmán,Molnár,+36108299923,1981-12-14,/images/default.png,3,Felcsút,Hotel Belvedere,,5,lolo.for.gold_diggers@gas_fitter.hu,/images/belvedere.jpg,2025-04-28,2025-05-01,2,3,8
misi.makkai162@example.com,Misi,Makkai,+36699924859,1992-06-03,/images/default.png,1,Fertő-tó,Hotel Nils am See,LGBT+hotel,4,lolo.for.gold_diggers@gas_fitter.hu,/images/nils.webp,2025-05-01,2025-05-08,1,3,0
zoltan.horvath163@example.com,Zoltán,Horváth,+36436146289,1986-07-19,/images/default.png,2,Budapest,Botaniq Elite Club Hotel,Narancsszerető fiúk privát klubja.,5,elios@bff.cash.in,/images/botaniq.jpg,2025-05-04,2025-05-11,4,2,1
jeno.kovacs164@example.com,Jenő,Kovács,+36448717183,1960-10-15,/images/default.png,3,Felcsút,Hotel Belvedere,,5,lolo.for.gold_diggers@gas_fitter.hu,/images/belvedere.jpg,2025-05-07,2025-05-21,3,0,6
geza.szalai165@example.com,Géza,Szalai,+36567804106,1987-07-17,/images/default.png,1,Fertő-tó,Hotel Nils am See,LGBT+hotel,4,lolo.for.gold_diggers@gas_fitter.hu,/images/nils.webp,2025-05-10,2025-05-12,4,2,5
misi.bakos166@example.com,Misi,Bakos,+36936571442,1960-02-17,/images/default.png,2,Budapest,Botaniq Elite Club Hotel,Narancsszerető fiúk privát klubja.,5,elios@bff.cash.in,/images/botaniq.jpg,2025-05-13,2025-05-24,1,1,5
karoly.nemeth167@example.com,Károly,Németh,+36353691745,1956-03-09,/images/default.png,3,Felcsút,Hotel Belvedere,,5,lolo.for.gold_diggers@gas_fitter.hu,/images/belvedere.jpg,2025-05-16,2025-05-20,2,1,10
elek.papp168@example.com,Elek,Papp,+36929839316,1990-08-15,/images/default.png,1,Fertő-tó,Hotel Nils am See,LGBT+hotel,4,lolo.for.gold_diggers@gas_fitter.hu,/images/nils.webp,2025-05-19,2025-06-01,4,2,10
kalman.nemeth169@example.com,Kálmán,Németh,+36572191734,1954-08-15,/images/default.png,2,Budapest,Botaniq Elite Club Hotel,Narancsszerető fiúk privát klubja.,5,elios@bff.cash.in,/images/botaniq.jpg,2025-05-22,2025-06-02,3,2,9
david.csizmas170@example.com,Dávid,Csizmás,+36644748834,1954-05-15,/images/default.png,3,Felcsút,Hotel Belvedere,,5,lolo.for.gold_diggers@gas_fitter.hu,/images/belvedere.jpg,2025-05-25,2025-06-02,1,0,5
gyuri.horvath171@example.com,Gyuri,Horváth,+36792205349,1955-10-20,/images/default.png,1,Fertő-tó,Hotel Nils am See,LGBT+hotel,4,lolo.for.gold_diggers@gas_fitter.hu,/images/nils.webp,2025-05-28,2025-06-06,4,3,9
feri.toth172@example.com,Feri,Tóth,+36582897882,2001-10-21,/images/default.png,2,Budapest,Botaniq Elite Club Hotel,Narancsszerető fiúk privát klubja.,5,elios@bff.cash.in,/images/botaniq.jpg,2025-05-31,2025-06-04,3,3,8
peter.szabo173@example.com,Péter,Szabó,+36583745511,1956-06-23,/images/default.png,3,Felcsút,Hotel Belvedere,,5,lolo.for.gold_diggers@gas_fitter.hu,/images/belvedere.jpg,2025-06-03,2025-06-05,2,0,3
marton.ivan174@example.com,Márton,Iván,+36662714327,1983-10-06,/images/default.png,1,Fertő-tó,Hotel Nils am See,LGBT+hotel,4,lolo.for.gold_diggers@gas_fitter.hu,/images/nils.webp,2025-06-06,2025-06-12,3,2,6
gusztav.bakos175@example.com,Gusztáv,Bakos,+36828960875,1988-01-26,/images/default.png,2,Budapest,Botaniq Elite Club Hotel,Narancsszerető fiúk privát klubja.,5,elios@bff.cash.in,/images/botaniq.jpg,2025-06-09,2025-06-20,3,0,5
geza.pap176@example.com,Géza,Pap,+36828404274,1974-05-09,/images/default.png,3,Felcsút,Hotel Belvedere,,5,lolo.for.gold_diggers@gas_fitter.hu,/images/belvedere.jpg,2025-06-12,2025-06-24,2,2,1
peter.csizmas177@example.com,Péter,Csizmás,+36433108786,1991-12-22,/images/default.png,1,Fertő-tó,Hotel Nils am See,LGBT+hotel,4,lolo.for.gold_diggers@gas_fitter.hu,/images/nils.webp,2025-06-15,2025-06-22,2,0,4
feri.erdos178@example.com,Feri,Erdős,+36790945624,2000-06-27,/images/default.png,2,Budapest,Botaniq Elite Club Hotel,Narancsszerető fiúk privát klubja.,5,elios@bff.cash.in,/images/botaniq.jpg,2025-06-18,2025-06-21,1,3,8
sandor.kovacs179@example.com,Sándor,Kovács,+36489336282,1969-03-07,/images/default.png,3,Felcsút,Hotel Belvedere,,5,lolo.for.gold_diggers@gas_fitter.hu,/images/belvedere.jpg,2025-06-21,2025-06-27,4,1,3
mark.nemeth180@example.com,Márk,Németh,+36182855381,1968-02-17,/images/default.png,1,Fertő-tó,Hotel Nils am See,LGBT+hotel,4,lolo.for.gold_diggers@gas_fitter.hu,/images/nils.webp,2025-06-24,2025-07-07,1,2,9
mark.erdos181@example.com,Márk,Erdős,+36265627642,1960-03-27,/images/default.png,2,Budapest,Botaniq Elite Club Hotel,Narancsszerető fiúk privát klubja.,5,elios@bff.cash.in,/images/botaniq.jpg,2025-06-27,2025-07-09,2,3,0
gusztav.devenyi182@example.com,Gusztáv,Dévényi,+36826239153,1996-04-15,/images/default.png,3,Felcsút,Hotel Belvedere,,5,lolo.for.gold_diggers@gas_fitter.hu,/images/belvedere.jpg,2025-06-30,2025-07-10,3,3,3
erno.szalai183@example.com,Ernő,Szalai,+36432288618,2001-08-27,/images/default.png,1,Fertő-tó,Hotel Nils am See,LGBT+hotel,4,lolo.for.gold_diggers@gas_fitter.hu,/images/nils.webp,2025-07-03,2025-07-07,3,3,7
gyuri.erdos184@example.com,Gyuri,Erdős,+36639991949,1983-07-06,/images/default.png,2,Budapest,Botaniq Elite Club Hotel,Narancsszerető fiúk privát klubja.,5,elios@bff.cash.in,/images/botaniq.jpg,2025-07-06,2025-07-20,2,1,4
david.kertesz185@example.com,Dávid,Kertész,+36498585961,1985-02-23,/images/default.png,3,Felcsút,Hotel Belvedere,,5,lolo.for.gold_diggers@gas_fitter.hu,/images/belvedere.jpg,2025-07-09,2025-07-23,1,2,1
tamas.gulyas186@example.com,Tamás,Gulyás,+36582452834,1982-03-27,/images/default.png,1,Fertő-tó,Hotel Nils am See,LGBT+hotel,4,lolo.for.gold_diggers@gas_fitter.hu,/images/nils.webp,2025-07-12,2025-07-19,1,1,7
karoly.kovacs187@example.com,Károly,Kovács,+36545492166,1953-07-17,/images/default.png,2,Budapest,Botaniq Elite Club Hotel,Narancsszerető fiúk privát klubja.,5,elios@bff.cash.in,/images/botaniq.jpg,2025-07-15,2025-07-21,2,3,1
sandor.takacs188@example.com,Sándor,Takács,+36130266145,1970-02-27,/images/default.png,3,Felcsút,Hotel Belvedere,,5,lolo.for.gold_diggers@gas_fitter.hu,/images/belvedere.jpg,2025-07-18,2025-07-30,3,1,2
csaba.simon189@example.com,Csaba,Simon,+36990949719,1980-12-27,/images/default.png,1,Fertő-tó,Hotel Nils am See,LGBT+hotel,4,lolo.for.gold_diggers@gas_fitter.hu,/images/nils.webp,2025-07-21,2025-07-24,4,3,9
adam.varga190@example.com,Ádám,Varga,+36120405269,1966-04-27,/images/default.png,2,Budapest,Botaniq Elite Club Hotel,Narancsszerető fiúk privát klubja.,5,elios@bff.cash.in,/images/botaniq.jpg,2025-07-24,2025-07-27,4,0,4
balazs.racz191@example.com,Balázs,Rácz,+36230833665,1953-04-14,/images/default.png,3,Felcsút,Hotel Belvedere,,5,lolo.for.gold_diggers@gas_fitter.hu,/images/belvedere.jpg,2025-07-27,2025-08-07,4,0,1
arpad.orbanics192@example.com,Árpád,Orbánics,+36117647321,1990-09-19,/images/default.png,1,Fertő-tó,Hotel Nils am See,LGBT+hotel,4,lolo.for.gold_diggers@gas_fitter.hu,/images/nils.webp,2025-07-30,2025-08-03,2,2,6
adam.csizmas193@example.com,Ádám,Csizmás,+36358303887,1986-07-06,/images/default.png,2,Budapest,Botaniq Elite Club Hotel,Narancsszerető fiúk privát klubja.,5,elios@bff.cash.in,/images/botaniq.jpg,2025-08-02,2025-08-13,1,2,1
dominik.orbanics194@example.com,Dominik,Orbánics,+36644738967,2000-09-18,/images/default.png,3,Felcsút,Hotel Belvedere,,5,lolo.for.gold_diggers@gas_fitter.hu,/images/belvedere.jpg,2025-08-05,2025-08-06,4,3,0
bela.devenyi195@example.com,Béla,Dévényi,+36372354893,1997-01-12,/images/default.png,1,Fertő-tó,Hotel Nils am See,LGBT+hotel,4,lolo.for.gold_diggers@gas_fitter.hu,/images/nils.webp,2025-08-08,2025-08-21,1,2,3
geza.bakos196@example.com,Géza,Bakos,+36243247463,1952-06-18,/images/default.png,2,Budapest,Botaniq Elite Club Hotel,Narancsszerető fiúk privát klubja.,5,elios@bff.cash.in,/images/botaniq.jpg,2025-08-11,2025-08-17,2,3,7
pisti.balogh197@example.com,Pisti,Balogh,+36167753684,1995-08-02,/images/default.png,3,Felcsút,Hotel Belvedere,,5,lolo.for.gold_diggers@gas_fitter.hu,/images/belvedere.jpg,2025-08-14,2025-08-19,2,0,3
csaba.vincze198@example.com,Csaba,Vincze,+36432941445,1982-07-27,/images/default.png,1,Fertő-tó,Hotel Nils am See,LGBT+hotel,4,lolo.for.gold_diggers@gas_fitter.hu,/images/nils.webp,2025-08-17,2025-08-26,4,2,0
robert.simon199@example.com,Róbert,Simon,+36483298103,1999-01-28,/images/default.png,2,Budapest,Botaniq Elite Club Hotel,Narancsszerető fiúk privát klubja.,5,elios@bff.cash.in,/images/botaniq.jpg,2025-08-20,2025-08-31,3,2,1
sandor.hegedus200@example.com,Sándor,Hegedűs,+36529520110,1997-08-13,/images/default.png,3,Felcsút,Hotel Belvedere,,5,lolo.for.gold_diggers@gas_fitter.hu,/images/belvedere.jpg,2025-08-23,2025-08-29,2,3,7
sandor.nyul201@example.com,Sándor,Nyúl,+36386389162,2001-02-24,/images/default.png,1,Fertő-tó,Hotel Nils am See,LGBT+hotel,4,lolo.for.gold_diggers@gas_fitter.hu,/images/nils.webp,2025-08-26,2025-09-02,1,3,9
pisti.orbanics202@example.com,Pisti,Orbánics,+36415429295,1970-02-03,/images/default.png,2,Budapest,Botaniq Elite Club Hotel,Narancsszerető fiúk privát klubja.,5,elios@bff.cash.in,/images/botaniq.jpg,2025-08-29,2025-09-04,3,2,7
otto.fekete203@example.com,Ottó,Fekete,+36840629322,1978-06-15,/images/default.png,3,Felcsút,Hotel Belvedere,,5,lolo.for.gold_diggers@gas_fitter.hu,/images/belvedere.jpg,2025-09-01,2025-09-02,3,3,4
david.horvath204@example.com,Dávid,Horváth,+36820678212,1990-07-12,/images/default.png,1,Fertő-tó,Hotel Nils am See,LGBT+hotel,4,lolo.for.gold_diggers@gas_fitter.hu,/images/nils.webp,2025-09-04,2025-09-13,2,0,2
marton.toth205@example.com,Márton,Tóth,+36235538456,1954-04-25,/images/default.png,2,Budapest,Botaniq Elite Club Hotel,Narancsszerető fiúk privát klubja.,5,elios@bff.cash.in,/images/botaniq.jpg,2025-09-07,2025-09-18,3,2,6
zsombor.toth206@example.com,Zsombor,Tóth,+36749715626,1959-11-15,/images/default.png,3,Felcsút,Hotel Belvedere,,5,lolo.for.gold_diggers@gas_fitter.hu,/images/belvedere.jpg,2025-09-10,2025-09-16,3,3,1
zsombor.balogh207@example.com,Zsombor,Balogh,+36668503222,1973-07-11,/images/default.png,1,Fertő-tó,Hotel Nils am See,LGBT+hotel,4,lolo.for.gold_diggers@gas_fitter.hu,/images/nils.webp,2025-09-13,2025-09-24,3,1,1
bence.papp208@example.com,Bence,Papp,+36635844374,1983-07-18,/images/default.png,2,Budapest,Botaniq Elite Club Hotel,Narancsszerető fiúk privát klubja.,5,elios@bff.cash.in,/images/botaniq.jpg,2025-09-16,2025-09-18,3,2,7
zsolt.simon209@example.com,Zsolt,Simon,+36845156039,1981-04-04,/images/default.png,3,Felcsút,Hotel Belvedere,,5,lolo.for.gold_diggers@gas_fitter.hu,/images/belvedere.jpg,2025-09-19,2025-09-22,1,3,2
marton.varga210@example.com,Márton,Varga,+36970281936,1993-06-22,/images/default.png,1,Fertő-tó,Hotel Nils am See,LGBT+hotel,4,lolo.for.gold_diggers@gas_fitter.hu,/images/nils.webp,2025-09-22,2025-09-28,1,2,4
tamas.papp211@example.com,Tamás,Papp,+36952225000,1973-09-08,/images/default.png,2,Budapest,Botaniq Elite Club Hotel,Narancsszerető fiúk privát klubja.,5,elios@bff.cash.in,/images/botaniq.jpg,2025-09-25,2025-09-27,2,1,3
arpad.kovacs212@example.com,Árpád,Kovács,+36487509692,1985-10-12,/images/default.png,3,Felcsút,Hotel Belvedere,,5,lolo.for.gold_diggers@gas_fitter.hu,/images/belvedere.jpg,2025-09-28,2025-10-06,2,0,1
imre.fazekas213@example.com,Imre,Fazekas,+36869801588,1996-08-17,/images/default.png,1,Fertő-tó,Hotel Nils am See,LGBT+hotel,4,lolo.for.gold_diggers@gas_fitter.hu,/images/nils.webp,2025-10-01,2025-10-08,4,0,2
kalman.horvath214@example.com,Kálmán,Horváth,+36583156434,1979-11-17,/images/default.png,2,Budapest,Botaniq Elite Club Hotel,Narancsszerető fiúk privát klubja.,5,elios@bff.cash.in,/images/botaniq.jpg,2025-10-04,2025-10-10,2,1,2
otto.makkai215@example.com,Ottó,Makkai,+36159499094,1957-09-05,/images/default.png,3,Felcsút,Hotel Belvedere,,5,lolo.for.gold_diggers@gas_fitter.hu,/images/belvedere.jpg,2025-10-07,2025-10-12,2,1,5
misi.csizmas216@example.com,Misi,Csizmás,+36657162259,1968-02-09,/images/default.png,1,Fertő-tó,Hotel Nils am See,LGBT+hotel,4,lolo.for.gold_diggers@gas_fitter.hu,/images/nils.webp,2025-10-10,2025-10-14,3,1,10
imre.orbanics217@example.com,Imre,Orbánics,+36200317984,1982-11-06,/images/default.png,2,Budapest,Botaniq Elite Club Hotel,Narancsszerető fiúk privát klubja.,5,elios@bff.cash.in,/images/botaniq.jpg,2025-10-13,2025-10-23,2,1,10
laszlo.toth218@example.com,László,Tóth,+36986090690,1951-02-02,/images/default.png,3,Felcsút,Hotel Belvedere,,5,lolo.for.gold_diggers@gas_fitter.hu,/images/belvedere.jpg,2025-10-16,2025-10-27,3,1,9
gusztav.kovacs219@example.com,Gusztáv,Kovács,+36634764290,1990-09-10,/images/default.png,1,Fertő-tó,Hotel Nils am See,LGBT+hotel,4,lolo.for.gold_diggers@gas_fitter.hu,/images/nils.webp,2025-10-19,2025-10-30,3,3,3
jeno.racz220@example.com,Jenő,Rácz,+36586989309,1954-12-02,/images/default.png,2,Budapest,Botaniq Elite Club Hotel,Narancsszerető fiúk privát klubja.,5,elios@bff.cash.in,/images/botaniq.jpg,2025-10-22,2025-10-25,4,3,7
zoltan.fodor221@example.com,Zoltán,Fodor,+36465278987,1988-03-11,/images/default.png,3,Felcsút,Hotel Belvedere,,5,lolo.for.gold_diggers@gas_fitter.hu,/images/belvedere.jpg,2025-10-25,2025-11-08,3,2,6
mark.devenyi222@example.com,Márk,Dévényi,+36652955706,1985-02-11,/images/default.png,1,Fertő-tó,Hotel Nils am See,LGBT+hotel,4,lolo.for.gold_diggers@gas_fitter.hu,/images/nils.webp,2025-10-28,2025-11-01,4,0,4
marton.szalai223@example.com,Márton,Szalai,+36251266214,1956-01-10,/images/default.png,2,Budapest,Botaniq Elite Club Hotel,Narancsszerető fiúk privát klubja.,5,elios@bff.cash.in,/images/botaniq.jpg,2025-10-31,2025-11-07,4,1,2
kalman.vincze224@example.com,Kálmán,Vincze,+36303832812,1998-03-16,/images/default.png,3,Felcsút,Hotel Belvedere,,5,lolo.for.gold_diggers@gas_fitter.hu,/images/belvedere.jpg,2025-11-03,2025-11-12,4,3,4
arpad.kovacs225@example.com,Árpád,Kovács,+36196689473,1975-09-15,/images/default.png,1,Fertő-tó,Hotel Nils am See,LGBT+hotel,4,lolo.for.gold_diggers@gas_fitter.hu,/images/nils.webp,2025-11-06,2025-11-10,2,2,0
david.simon226@example.com,Dávid,Simon,+36631388604,1988-11-22,/images/default.png,2,Budapest,Botaniq Elite Club Hotel,Narancsszerető fiúk privát klubja.,5,elios@bff.cash.in,/images/botaniq.jpg,2025-11-09,2025-11-17,3,0,1
otto.balogh227@example.com,Ottó,Balogh,+36383975609,1996-06-25,/images/default.png,3,Felcsút,Hotel Belvedere,,5,lolo.for.gold_diggers@gas_fitter.hu,/images/belvedere.jpg,2025-11-12,2025-11-19,3,0,6
david.pap228@example.com,Dávid,Pap,+36309009538,1973-09-10,/images/default.png,1,Fertő-tó,Hotel Nils am See,LGBT+hotel,4,lolo.for.gold_diggers@gas_fitter.hu,/images/nils.webp,2025-11-15,2025-11-17,4,3,8
kopasz.molnar229@example.com,Kopasz,Molnár,+36238151258,1956-07-12,/images/default.png,2,Budapest,Botaniq Elite Club Hotel,Narancsszerető fiúk privát klubja.,5,elios@bff.cash.in,/images/botaniq.jpg,2025-11-18,2025-12-01,3,2,2
robert.makkai230@example.com,Róbert,Makkai,+36530986098,1982-01-02,/images/default.png,3,Felcsút,Hotel Belvedere,,5,lolo.for.gold_diggers@gas_fitter.hu,/images/belvedere.jpg,2025-11-21,2025-11-22,2,2,7
dominik.juhasz231@example.com,Dominik,Juhász,+36259923818,1988-09-05,/images/default.png,1,Fertő-tó,Hotel Nils am See,LGBT+hotel,4,lolo.for.gold_diggers@gas_fitter.hu,/images/nils.webp,2025-11-24,2025-11-30,3,1,6
imre.bakos232@example.com,Imre,Bakos,+36644725317,1982-09-16,/images/default.png,2,Budapest,Botaniq Elite Club Hotel,Narancsszerető fiúk privát klubja.,5,elios@bff.cash.in,/images/botaniq.jpg,2025-11-27,2025-12-09,3,3,0
sandor.bakos233@example.com,Sándor,Bakos,+36823494111,1957-07-19,/images/default.png,3,Felcsút,Hotel Belvedere,,5,lolo.for.gold_diggers@gas_fitter.hu,/images/belvedere.jpg,2025-11-30,2025-12-05,1,3,4
zsombor.takacs234@example.com,Zsombor,Takács,+36874597473,1953-10-16,/images/default.png,1,Fertő-tó,Hotel Nils am See,LGBT+hotel,4,lolo.for.gold_diggers@gas_fitter.hu,/images/nils.webp,2024-01-03,2024-01-06,4,1,10
balazs.toth235@example.com,Balázs,Tóth,+36714792641,1994-02-07,/images/default.png,2,Budapest,Botaniq Elite Club Hotel,Narancsszerető fiúk privát klubja.,5,elios@bff.cash.in,/images/botaniq.jpg,2024-01-06,2024-01-07,4,2,6
peter.gombos236@example.com,Péter,Gombos,+36841419015,1963-07-17,/images/default.png,3,Felcsút,Hotel Belvedere,,5,lolo.for.gold_diggers@gas_fitter.hu,/images/belvedere.jpg,2024-01-09,2024-01-22,4,0,2
dominik.fodor237@example.com,Dominik,Fodor,+36702247585,1970-11-16,/images/default.png,1,Fertő-tó,Hotel Nils am See,LGBT+hotel,4,lolo.for.gold_diggers@gas_fitter.hu,/images/nils.webp,2024-01-12,2024-01-21,4,2,2
zoltan.orbanics238@example.com,Zoltán,Orbánics,+36467570835,1984-06-22,/images/default.png,2,Budapest,Botaniq Elite Club Hotel,Narancsszerető fiúk privát klubja.,5,elios@bff.cash.in,/images/botaniq.jpg,2024-01-15,2024-01-28,3,3,3
balazs.gulyas239@example.com,Balázs,Gulyás,+36699240979,1969-04-10,/images/default.png,3,Felcsút,Hotel Belvedere,,5,lolo.for.gold_diggers@gas_fitter.hu,/images/belvedere.jpg,2024-01-18,2024-01-31,3,1,7
kalman.kertesz240@example.com,Kálmán,Kertész,+36474524558,1985-12-09,/images/default.png,1,Fertő-tó,Hotel Nils am See,LGBT+hotel,4,lolo.for.gold_diggers@gas_fitter.hu,/images/nils.webp,2024-01-21,2024-01-26,1,3,6
karoly.nemeth241@example.com,Károly,Németh,+36411871167,1952-05-23,/images/default.png,2,Budapest,Botaniq Elite Club Hotel,Narancsszerető fiúk privát klubja.,5,elios@bff.cash.in,/images/botaniq.jpg,2024-01-24,2024-01-26,3,3,10
gergo.kertesz242@example.com,Gergő,Kertész,+36329766590,1962-09-09,/images/default.png,3,Felcsút,Hotel Belvedere,,5,lolo.for.gold_diggers@gas_fitter.hu,/images/belvedere.jpg,2024-01-27,2024-02-05,3,1,1
balazs.szalai243@example.com,Balázs,Szalai,+36154508960,1992-09-08,/images/default.png,1,Fertő-tó,Hotel Nils am See,LGBT+hotel,4,lolo.for.gold_diggers@gas_fitter.hu,/images/nils.webp,2024-01-30,2024-02-10,2,0,1
gusztav.bakos244@example.com,Gusztáv,Bakos,+36870257350,1980-02-22,/images/default.png,2,Budapest,Botaniq Elite Club Hotel,Narancsszerető fiúk privát klubja.,5,elios@bff.cash.in,/images/botaniq.jpg,2024-02-02,2024-02-15,2,0,8
tamas.gombos245@example.com,Tamás,Gombos,+36801038300,1980-08-21,/images/default.png,3,Felcsút,Hotel Belvedere,,5,lolo.for.gold_diggers@gas_fitter.hu,/images/belvedere.jpg,2024-02-05,2024-02-09,3,2,4
david.varga246@example.com,Dávid,Varga,+36800400428,1986-04-18,/images/default.png,1,Fertő-tó,Hotel Nils am See,LGBT+hotel,4,lolo.for.gold_diggers@gas_fitter.hu,/images/nils.webp,2024-02-08,2024-02-20,1,1,6
pisti.toth247@example.com,Pisti,Tóth,+36997866344,1975-08-06,/images/default.png,2,Budapest,Botaniq Elite Club Hotel,Narancsszerető fiúk privát klubja.,5,elios@bff.cash.in,/images/botaniq.jpg,2024-02-11,2024-02-23,3,0,0
imre.kiss248@example.com,Imre,Kiss,+36459748735,1968-08-21,/images/default.png,3,Felcsút,Hotel Belvedere,,5,lolo.for.gold_diggers@gas_fitter.hu,/images/belvedere.jpg,2024-02-14,2024-02-23,4,1,8
zoltan.gulyas249@example.com,Zoltán,Gulyás,+36307029662,2001-02-11,/images/default.png,1,Fertő-tó,Hotel Nils am See,LGBT+hotel,4,lolo.for.gold_diggers@gas_fitter.hu,/images/nils.webp,2024-02-17,2024-02-20,4,2,2
adam.bakos250@example.com,Ádám,Bakos,+36949080318,1968-10-22,/images/default.png,2,Budapest,Botaniq Elite Club Hotel,Narancsszerető fiúk privát klubja.,5,elios@bff.cash.in,/images/botaniq.jpg,2024-02-20,2024-03-04,2,1,9
jeno.hegedus251@example.com,Jenő,Hegedűs,+36653278397,1970-02-13,/images/default.png,3,Felcsút,Hotel Belvedere,,5,lolo.for.gold_diggers@gas_fitter.hu,/images/belvedere.jpg,2024-02-23,2024-03-05,1,1,2
kornel.vincze252@example.com,Kornél,Vincze,+36366338529,1950-05-13,/images/default.png,1,Fertő-tó,Hotel Nils am See,LGBT+hotel,4,lolo.for.gold_diggers@gas_fitter.hu,/images/nils.webp,2024-02-26,2024-03-01,4,2,5
imre.nagy253@example.com,Imre,Nagy,+36380840558,1991-06-23,/images/default.png,2,Budapest,Botaniq Elite Club Hotel,Narancsszerető fiúk privát klubja.,5,elios@bff.cash.in,/images/botaniq.jpg,2024-02-29,2024-03-04,1,0,7
imre.fekete254@example.com,Imre,Fekete,+36535312769,1993-09-23,/images/default.png,3,Felcsút,Hotel Belvedere,,5,lolo.for.gold_diggers@gas_fitter.hu,/images/belvedere.jpg,2024-03-03,2024-03-16,3,0,10
gyuri.devenyi255@example.com,Gyuri,Dévényi,+36759949050,1964-04-05,/images/default.png,1,Fertő-tó,Hotel Nils am See,LGBT+hotel,4,lolo.for.gold_diggers@gas_fitter.hu,/images/nils.webp,2024-03-06,2024-03-14,2,3,9
sandor.gombos256@example.com,Sándor,Gombos,+36853703117,1985-08-25,/images/default.png,2,Budapest,Botaniq Elite Club Hotel,Narancsszerető fiúk privát klubja.,5,elios@bff.cash.in,/images/botaniq.jpg,2024-03-09,2024-03-18,2,1,10
ferenc.nyul257@example.com,Ferenc,Nyúl,+36579691987,1983-12-12,/images/default.png,3,Felcsút,Hotel Belvedere,,5,lolo.for.gold_diggers@gas_fitter.hu,/images/belvedere.jpg,2024-03-12,2024-03-14,1,0,8
balint.meszaros258@example.com,Bálint,Mészáros,+36714933740,1984-03-06,/images/default.png,1,Fertő-tó,Hotel Nils am See,LGBT+hotel,4,lolo.for.gold_diggers@gas_fitter.hu,/images/nils.webp,2024-03-15,2024-03-21,4,0,10
zsolt.lendvai259@example.com,Zsolt,Lendvai,+36197647841,1982-08-26,/images/default.png,2,Budapest,Botaniq Elite Club Hotel,Narancsszerető fiúk privát klubja.,5,elios@bff.cash.in,/images/botaniq.jpg,2024-03-18,2024-03-19,4,1,8
gusztav.juhasz260@example.com,Gusztáv,Juhász,+36705495031,1953-09-15,/images/default.png,3,Felcsút,Hotel Belvedere,,5,lolo.for.gold_diggers@gas_fitter.hu,/images/belvedere.jpg,2024-03-21,2024-04-01,3,0,6
gergo.nagy261@example.com,Gergő,Nagy,+36900801470,1963-10-03,/images/default.png,1,Fertő-tó,Hotel Nils am See,LGBT+hotel,4,lolo.for.gold_diggers@gas_fitter.hu,/images/nils.webp,2024-03-24,2024-03-25,4,2,1
erno.szabo262@example.com,Ernő,Szabó,+36174108740,1980-01-10,/images/default.png,2,Budapest,Botaniq Elite Club Hotel,Narancsszerető fiúk privát klubja.,5,elios@bff.cash.in,/images/botaniq.jpg,2024-03-27,2024-04-03,2,1,10
gusztav.devenyi263@example.com,Gusztáv,Dévényi,+36510684364,1978-07-13,/images/default.png,3,Felcsút,Hotel Belvedere,,5,lolo.for.gold_diggers@gas_fitter.hu,/images/belvedere.jpg,2024-03-30,2024-04-01,2,2,1
pisti.orbanics264@example.com,Pisti,Orbánics,+36522043490,1983-03-24,/images/default.png,1,Fertő-tó,Hotel Nils am See,LGBT+hotel,4,lolo.for.gold_diggers@gas_fitter.hu,/images/nils.webp,2024-04-02,2024-04-06,1,0,4
zoltan.orbanics265@example.com,Zoltán,Orbánics,+36555404004,1984-07-27,/images/default.png,2,Budapest,Botaniq Elite Club Hotel,Narancsszerető fiúk privát klubja.,5,elios@bff.cash.in,/images/botaniq.jpg,2024-04-05,2024-04-09,2,3,5
peter.gulyas266@example.com,Péter,Gulyás,+36302379343,1996-02-02,/images/default.png,3,Felcsút,Hotel Belvedere,,5,lolo.for.gold_diggers@gas_fitter.hu,/images/belvedere.jpg,2024-04-08,2024-04-21,4,0,3
zsolt.horvath267@example.com,Zsolt,Horváth,+36208337018,1988-01-15,/images/default.png,1,Fertő-tó,Hotel Nils am See,LGBT+hotel,4,lolo.for.gold_diggers@gas_fitter.hu,/images/nils.webp,2024-04-11,2024-04-21,1,1,0
jeno.ivan268@example.com,Jenő,Iván,+36351619881,1984-04-25,/images/default.png,2,Budapest,Botaniq Elite Club Hotel,Narancsszerető fiúk privát klubja.,5,elios@bff.cash.in,/images/botaniq.jpg,2024-04-14,2024-04-28,1,1,8
gyuri.takacs269@example.com,Gyuri,Takács,+36975943821,1996-10-11,/images/default.png,3,Felcsút,Hotel Belvedere,,5,lolo.for.gold_diggers@gas_fitter.hu,/images/belvedere.jpg,2024-04-17,2024-04-27,3,1,4
peter.nyul270@example.com,Péter,Nyúl,+36337342839,1976-05-09,/images/default.png,1,Fertő-tó,Hotel Nils am See,LGBT+hotel,4,lolo.for.gold_diggers@gas_fitter.hu,/images/nils.webp,2024-04-20,2024-04-21,2,3,8
arpad.szabo271@example.com,Árpád,Szabó,+36469812603,1991-11-13,/images/default.png,2,Budapest,Botaniq Elite Club Hotel,Narancsszerető fiúk privát klubja.,5,elios@bff.cash.in,/images/botaniq.jpg,2024-04-23,2024-05-06,3,3,6
peter.racz272@example.com,Péter,Rácz,+36504221050,1961-09-16,/images/default.png,3,Felcsút,Hotel Belvedere,,5,lolo.for.gold_diggers@gas_fitter.hu,/images/belvedere.jpg,2024-04-26,2024-04-30,2,2,2
zoltan.szabo273@example.com,Zoltán,Szabó,+36703857319,1976-07-18,/images/default.png,1,Fertő-tó,Hotel Nils am See,LGBT+hotel,4,lolo.for.gold_diggers@gas_fitter.hu,/images/nils.webp,2024-04-29,2024-05-08,2,3,3
gergo.fodor274@example.com,Gergő,Fodor,+36454617185,1991-02-15,/images/default.png,2,Budapest,Botaniq Elite Club Hotel,Narancsszerető fiúk privát klubja.,5,elios@bff.cash.in,/images/botaniq.jpg,2024-05-02,2024-05-16,3,0,8
robert.szabo275@example.com,Róbert,Szabó,+36388258432,1974-11-20,/images/default.png,3,Felcsút,Hotel Belvedere,,5,lolo.for.gold_diggers@gas_fitter.hu,/images/belvedere.jpg,2024-05-05,2024-05-15,1,0,3
feri.fodor276@example.com,Feri,Fodor,+36614745610,1963-06-10,/images/default.png,1,Fertő-tó,Hotel Nils am See,LGBT+hotel,4,lolo.for.gold_diggers@gas_fitter.hu,/images/nils.webp,2024-05-08,2024-05-09,2,1,1
kornel.szalai277@example.com,Kornél,Szalai,+36846923032,1988-12-07,/images/default.png,2,Budapest,Botaniq Elite Club Hotel,Narancsszerető fiúk privát klubja.,5,elios@bff.cash.in,/images/botaniq.jpg,2024-05-11,2024-05-18,2,2,4
bela.juhasz278@example.com,Béla,Juhász,+36673002461,1991-06-10,/images/default.png,3,Felcsút,Hotel Belvedere,,5,lolo.for.gold_diggers@gas_fitter.hu,/images/belvedere.jpg,2024-05-14,2024-05-19,3,3,7
geza.kertesz279@example.com,Géza,Kertész,+36917792874,1970-04-12,/images/default.png,1,Fertő-tó,Hotel Nils am See,LGBT+hotel,4,lolo.for.gold_diggers@gas_fitter.hu,/images/nils.webp,2024-05-17,2024-05-23,4,0,9
misi.nemeth280@example.com,Misi,Németh,+36117415986,1966-09-19,/images/default.png,2,Budapest,Botaniq Elite Club Hotel,Narancsszerető fiúk privát klubja.,5,elios@bff.cash.in,/images/botaniq.jpg,2024-05-20,2024-05-30,4,2,2
robert.bakos281@example.com,Róbert,Bakos,+36346980616,1974-10-27,/images/default.png,3,Felcsút,Hotel Belvedere,,5,lolo.for.gold_diggers@gas_fitter.hu,/images/belvedere.jpg,2024-05-23,2024-05-27,4,2,4
arpad.lendvai282@example.com,Árpád,Lendvai,+36594811370,1960-12-26,/images/default.png,1,Fertő-tó,Hotel Nils am See,LGBT+hotel,4,lolo.for.gold_diggers@gas_fitter.hu,/images/nils.webp,2024-05-26,2024-06-01,2,1,8
arpad.papp283@example.com,Árpád,Papp,+36682115008,1991-01-17,/images/default.png,2,Budapest,Botaniq Elite Club Hotel,Narancsszerető fiúk privát klubja.,5,elios@bff.cash.in,/images/botaniq.jpg,2024-05-29,2024-05-30,1,0,0
gusztav.balogh284@example.com,Gusztáv,Balogh,+36777210736,1964-02-23,/images/default.png,3,Felcsút,Hotel Belvedere,,5,lolo.for.gold_diggers@gas_fitter.hu,/images/belvedere.jpg,2024-06-01,2024-06-04,1,1,8
zoltan.devenyi285@example.com,Zoltán,Dévényi,+36164907817,1989-11-22,/images/default.png,1,Fertő-tó,Hotel Nils am See,LGBT+hotel,4,lolo.for.gold_diggers@gas_fitter.hu,/images/nils.webp,2024-06-04,2024-06-14,4,3,0
adam.orbanics286@example.com,Ádám,Orbánics,+36692322761,1976-01-01,/images/default.png,2,Budapest,Botaniq Elite Club Hotel,Narancsszerető fiúk privát klubja.,5,elios@bff.cash.in,/images/botaniq.jpg,2024-06-07,2024-06-16,3,2,0
balint.hegedus287@example.com,Bálint,Hegedűs,+36965615974,1961-02-04,/images/default.png,3,Felcsút,Hotel Belvedere,,5,lolo.for.gold_diggers@gas_fitter.hu,/images/belvedere.jpg,2024-06-10,2024-06-19,2,1,3
dominik.bognar288@example.com,Dominik,Bognár,+36975329786,1972-05-26,/images/default.png,1,Fertő-tó,Hotel Nils am See,LGBT+hotel,4,lolo.for.gold_diggers@gas_fitter.hu,/images/nils.webp,2024-06-13,2024-06-20,1,2,6
zoltan.szalai289@example.com,Zoltán,Szalai,+36848651792,1964-05-22,/images/default.png,2,Budapest,Botaniq Elite Club Hotel,Narancsszerető fiúk privát klubja.,5,elios@bff.cash.in,/images/botaniq.jpg,2024-06-16,2024-06-30,1,0,1
jeno.erdos290@example.com,Jenő,Erdős,+36504982743,1985-08-02,/images/default.png,3,Felcsút,Hotel Belvedere,,5,lolo.for.gold_diggers@gas_fitter.hu,/images/belvedere.jpg,2024-06-19,2024-06-30,1,1,1
arpad.hegedus291@example.com,Árpád,Hegedűs,+36792463878,2000-06-19,/images/default.png,1,Fertő-tó,Hotel Nils am See,LGBT+hotel,4,lolo.for.gold_diggers@gas_fitter.hu,/images/nils.webp,2024-06-22,2024-07-06,1,0,3
zsolt.kertesz292@example.com,Zsolt,Kertész,+36391086098,1952-02-22,/images/default.png,2,Budapest,Botaniq Elite Club Hotel,Narancsszerető fiúk privát klubja.,5,elios@bff.cash.in,/images/botaniq.jpg,2024-06-25,2024-06-30,1,1,5
bence.fodor293@example.com,Bence,Fodor,+36730325223,1959-12-27,/images/default.png,3,Felcsút,Hotel Belvedere,,5,lolo.for.gold_diggers@gas_fitter.hu,/images/belvedere.jpg,2024-06-28,2024-07-05,1,2,2
zsombor.szalai294@example.com,Zsombor,Szalai,+36708485104,1974-11-18,/images/default.png,1,Fertő-tó,Hotel Nils am See,LGBT+hotel,4,lolo.for.gold_diggers@gas_fitter.hu,/images/nils.webp,2024-07-01,2024-07-07,4,1,1
balint.csizmas295@example.com,Bálint,Csizmás,+36157656107,1956-07-08,/images/default.png,2,Budapest,Botaniq Elite Club Hotel,Narancsszerető fiúk privát klubja.,5,elios@bff.cash.in,/images/botaniq.jpg,2024-07-04,2024-07-18,1,2,9
jeno.vincze296@example.com,Jenő,Vincze,+36131810311,1990-05-26,/images/default.png,3,Felcsút,Hotel Belvedere,,5,lolo.for.gold_diggers@gas_fitter.hu,/images/belvedere.jpg,2024-07-07,2024-07-15,4,1,5
feri.erdos297@example.com,Feri,Erdős,+36563693201,1961-11-19,/images/default.png,1,Fertő-tó,Hotel Nils am See,LGBT+hotel,4,lolo.for.gold_diggers@gas_fitter.hu,/images/nils.webp,2024-07-10,2024-07-21,4,0,9
gyuri.szalai298@example.com,Gyuri,Szalai,+36865694462,1954-02-09,/images/default.png,2,Budapest,Botaniq Elite Club Hotel,Narancsszerető fiúk privát klubja.,5,elios@bff.cash.in,/images/botaniq.jpg,2024-07-13,2024-07-16,4,1,6
kalman.devenyi299@example.com,Kálmán,Dévényi,+36214408183,1955-01-10,/images/default.png,3,Felcsút,Hotel Belvedere,,5,lolo.for.gold_diggers@gas_fitter.hu,/images/belvedere.jpg,2024-07-16,2024-07-24,3,2,1
mark.varga300@example.com,Márk,Varga,+36301210399,1977-08-18,/images/default.png,1,Fertő-tó,Hotel Nils am See,LGBT+hotel,4,lolo.for.gold_diggers@gas_fitter.hu,/images/nils.webp,2024-07-19,2024-07-28,4,0,0
ferenc.csizmas301@example.com,Ferenc,Csizmás,+36695088987,1955-10-20,/images/default.png,2,Budapest,Botaniq Elite Club Hotel,Narancsszerető fiúk privát klubja.,5,elios@bff.cash.in,/images/botaniq.jpg,2024-07-22,2024-08-04,3,3,0
gyuri.gombos302@example.com,Gyuri,Gombos,+36516396603,1999-02-24,/images/default.png,3,Felcsút,Hotel Belvedere,,5,lolo.for.gold_diggers@gas_fitter.hu,/images/belvedere.jpg,2024-07-25,2024-08-03,2,1,10
bela.fekete303@example.com,Béla,Fekete,+36249078381,1967-05-09,/images/default.png,1,Fertő-tó,Hotel Nils am See,LGBT+hotel,4,lolo.for.gold_diggers@gas_fitter.hu,/images/nils.webp,2024-07-28,2024-08-05,2,0,2
otto.gulyas304@example.com,Ottó,Gulyás,+36552155193,1969-08-26,/images/default.png,2,Budapest,Botaniq Elite Club Hotel,Narancsszerető fiúk privát klubja.,5,elios@bff.cash.in,/images/botaniq.jpg,2024-07-31,2024-08-02,3,2,3
arpad.meszaros305@example.com,Árpád,Mészáros,+36591625191,1956-03-10,/images/default.png,3,Felcsút,Hotel Belvedere,,5,lolo.for.gold_diggers@gas_fitter.hu,/images/belvedere.jpg,2024-08-03,2024-08-04,4,2,9
bela.bakos306@example.com,Béla,Bakos,+36572685761,1971-07-27,/images/default.png,1,Fertő-tó,Hotel Nils am See,LGBT+hotel,4,lolo.for.gold_diggers@gas_fitter.hu,/images/nils.webp,2024-08-06,2024-08-20,2,2,5
robert.kertesz307@example.com,Róbert,Kertész,+36437351729,1961-07-11,/images/default.png,2,Budapest,Botaniq Elite Club Hotel,Narancsszerető fiúk privát klubja.,5,elios@bff.cash.in,/images/botaniq.jpg,2024-08-09,2024-08-14,4,1,5
bela.gulyas308@example.com,Béla,Gulyás,+36976704309,2000-07-12,/images/default.png,3,Felcsút,Hotel Belvedere,,5,lolo.for.gold_diggers@gas_fitter.hu,/images/belvedere.jpg,2024-08-12,2024-08-14,2,1,10
feri.kovacs309@example.com,Feri,Kovács,+36880839406,1979-12-07,/images/default.png,1,Fertő-tó,Hotel Nils am See,LGBT+hotel,4,lolo.for.gold_diggers@gas_fitter.hu,/images/nils.webp,2024-08-15,2024-08-23,3,0,6
arpad.balogh310@example.com,Árpád,Balogh,+36780039397,1969-04-09,/images/default.png,2,Budapest,Botaniq Elite Club Hotel,Narancsszerető fiúk privát klubja.,5,elios@bff.cash.in,/images/botaniq.jpg,2024-08-18,2024-08-29,2,3,6
elek.ivan311@example.com,Elek,Iván,+36742026586,1980-10-13,/images/default.png,3,Felcsút,Hotel Belvedere,,5,lolo.for.gold_diggers@gas_fitter.hu,/images/belvedere.jpg,2024-08-21,2024-08-30,4,0,5
erno.varga312@example.com,Ernő,Varga,+36217434526,1999-04-22,/images/default.png,1,Fertő-tó,Hotel Nils am See,LGBT+hotel,4,lolo.for.gold_diggers@gas_fitter.hu,/images/nils.webp,2024-08-24,2024-09-04,3,1,10
csaba.fazekas313@example.com,Csaba,Fazekas,+36908186980,1971-07-04,/images/default.png,2,Budapest,Botaniq Elite Club Hotel,Narancsszerető fiúk privát klubja.,5,elios@bff.cash.in,/images/botaniq.jpg,2024-08-27,2024-08-28,1,2,3
balint.nyul314@example.com,Bálint,Nyúl,+36699140867,1987-12-19,/images/default.png,3,Felcsút,Hotel Belvedere,,5,lolo.for.gold_diggers@gas_fitter.hu,/images/belvedere.jpg,2024-08-30,2024-09-03,4,2,6
zoltan.makkai315@example.com,Zoltán,Makkai,+36261861139,1972-01-16,/images/default.png,1,Fertő-tó,Hotel Nils am See,LGBT+hotel,4,lolo.for.gold_diggers@gas_fitter.hu,/images/nils.webp,2024-09-02,2024-09-04,3,3,1
janos.nemeth316@example.com,János,Németh,+36474015041,1969-06-15,/images/default.png,2,Budapest,Botaniq Elite Club Hotel,Narancsszerető fiúk privát klubja.,5,elios@bff.cash.in,/images/botaniq.jpg,2024-09-05,2024-09-18,2,3,5
kornel.kiss317@example.com,Kornél,Kiss,+36570477095,1996-12-15,/images/default.png,3,Felcsút,Hotel Belvedere,,5,lolo.for.gold_diggers@gas_fitter.hu,/images/belvedere.jpg,2024-09-08,2024-09-14,1,2,0
janos.kovacs318@example.com,János,Kovács,+36468377143,1991-02-22,/images/default.png,1,Fertő-tó,Hotel Nils am See,LGBT+hotel,4,lolo.for.gold_diggers@gas_fitter.hu,/images/nils.webp,2024-09-11,2024-09-24,2,1,8
pisti.pap319@example.com,Pisti,Pap,+36271944408,1971-09-14,/images/default.png,2,Budapest,Botaniq Elite Club Hotel,Narancsszerető fiúk privát klubja.,5,elios@bff.cash.in,/images/botaniq.jpg,2024-09-14,2024-09-22,2,3,10
pisti.papp320@example.com,Pisti,Papp,+36787708952,1992-07-13,/images/default.png,3,Felcsút,Hotel Belvedere,,5,lolo.for.gold_diggers@gas_fitter.hu,/images/belvedere.jpg,2024-09-17,2024-09-18,2,3,9
otto.erdos321@example.com,Ottó,Erdős,+36104778194,1995-04-07,/images/default.png,1,Fertő-tó,Hotel Nils am See,LGBT+hotel,4,lolo.for.gold_diggers@gas_fitter.hu,/images/nils.webp,2024-09-20,2024-09-25,1,0,8
pisti.devenyi322@example.com,Pisti,Dévényi,+36450023635,1962-08-04,/images/default.png,2,Budapest,Botaniq Elite Club Hotel,Narancsszerető fiúk privát klubja.,5,elios@bff.cash.in,/images/botaniq.jpg,2024-09-23,2024-09-28,4,2,9
bela.fazekas323@example.com,Béla,Fazekas,+36730291513,1957-06-12,/images/default.png,3,Felcsút,Hotel Belvedere,,5,lolo.for.gold_diggers@gas_fitter.hu,/images/belvedere.jpg,2024-09-26,2024-10-10,4,1,10
imre.varga324@example.com,Imre,Varga,+36821672704,1958-06-04,/images/default.png,1,Fertő-tó,Hotel Nils am See,LGBT+hotel,4,lolo.for.gold_diggers@gas_fitter.hu,/images/nils.webp,2024-09-29,2024-10-03,3,0,2
sandor.nemeth325@example.com,Sándor,Németh,+36648494024,1974-07-20,/images/default.png,2,Budapest,Botaniq Elite Club Hotel,Narancsszerető fiúk privát klubja.,5,elios@bff.cash.in,/images/botaniq.jpg,2024-10-02,2024-10-05,4,3,2
arpad.orbanics326@example.com,Árpád,Orbánics,+36844567935,1991-03-18,/images/default.png,3,Felcsút,Hotel Belvedere,,5,lolo.for.gold_diggers@gas_fitter.hu,/images/belvedere.jpg,2024-10-05,2024-10-08,4,2,2
pisti.vincze327@example.com,Pisti,Vincze,+36584258607,1989-01-28,/images/default.png,1,Fertő-tó,Hotel Nils am See,LGBT+hotel,4,lolo.for.gold_diggers@gas_fitter.hu,/images/nils.webp,2024-10-08,2024-10-14,1,3,2
robert.erdos328@example.com,Róbert,Erdős,+36702994164,1982-11-16,/images/default.png,2,Budapest,Botaniq Elite Club Hotel,Narancsszerető fiúk privát klubja.,5,elios@bff.cash.in,/images/botaniq.jpg,2024-10-11,2024-10-18,4,3,7
arpad.fekete329@example.com,Árpád,Fekete,+36188766909,1986-01-26,/images/default.png,3,Felcsút,Hotel Belvedere,,5,lolo.for.gold_diggers@gas_fitter.hu,/images/belvedere.jpg,2024-10-14,2024-10-27,2,2,0
kopasz.takacs330@example.com,Kopasz,Takács,+36677252858,1968-03-25,/images/default.png,1,Fertő-tó,Hotel Nils am See,LGBT+hotel,4,lolo.for.gold_diggers@gas_fitter.hu,/images/nils.webp,2024-10-17,2024-10-25,4,0,9
janos.gulyas331@example.com,János,Gulyás,+36932271276,1984-06-18,/images/default.png,2,Budapest,Botaniq Elite Club Hotel,Narancsszerető fiúk privát klubja.,5,elios@bff.cash.in,/images/botaniq.jpg,2024-10-20,2024-11-03,1,3,8
zsolt.hegedus332@example.com,Zsolt,Hegedűs,+36209968815,1997-11-25,/images/default.png,3,Felcsút,Hotel Belvedere,,5,lolo.for.gold_diggers@gas_fitter.hu,/images/belvedere.jpg,2024-10-23,2024-10-27,3,0,7
gergo.csizmas333@example.com,Gergő,Csizmás,+36976955647,1955-08-28,/images/default.png,1,Fertő-tó,Hotel Nils am See,LGBT+hotel,4,lolo.for.gold_diggers@gas_fitter.hu,/images/nils.webp,2024-10-26,2024-10-28,2,1,9
karoly.hegedus334@example.com,Károly,Hegedűs,+36278221407,1989-03-26,/images/default.png,2,Budapest,Botaniq Elite Club Hotel,Narancsszerető fiúk privát klubja.,5,elios@bff.cash.in,/images/botaniq.jpg,2024-10-29,2024-11-02,2,0,9
karoly.orbanics335@example.com,Károly,Orbánics,+36401812742,1988-09-06,/images/default.png,3,Felcsút,Hotel Belvedere,,5,lolo.for.gold_diggers@gas_fitter.hu,/images/belvedere.jpg,2024-11-01,2024-11-07,3,2,9
kopasz.makkai336@example.com,Kopasz,Makkai,+36829392084,2002-02-05,/images/default.png,1,Fertő-tó,Hotel Nils am See,LGBT+hotel,4,lolo.for.gold_diggers@gas_fitter.hu,/images/nils.webp,2024-11-04,2024-11-17,4,0,4
mark.balogh337@example.com,Márk,Balogh,+36368088898,1959-12-11,/images/default.png,2,Budapest,Botaniq Elite Club Hotel,Narancsszerető fiúk privát klubja.,5,elios@bff.cash.in,/images/botaniq.jpg,2024-11-07,2024-11-21,2,3,7
peter.gulyas338@example.com,Péter,Gulyás,+36774108885,1976-07-15,/images/default.png,3,Felcsút,Hotel Belvedere,,5,lolo.for.gold_diggers@gas_fitter.hu,/images/belvedere.jpg,2024-11-10,2024-11-12,1,3,8
kopasz.devenyi339@example.com,Kopasz,Dévényi,+36588225728,1981-06-19,/images/default.png,1,Fertő-tó,Hotel Nils am See,LGBT+hotel,4,lolo.for.gold_diggers@gas_fitter.hu,/images/nils.webp,2024-11-13,2024-11-14,1,3,10
karoly.horvath340@example.com,Károly,Horváth,+36954352670,1984-07-07,/images/default.png,2,Budapest,Botaniq Elite Club Hotel,Narancsszerető fiúk privát klubja.,5,elios@bff.cash.in,/images/botaniq.jpg,2024-11-16,2024-11-23,2,3,4
kalman.simon341@example.com,Kálmán,Simon,+36462661837,1985-10-05,/images/default.png,3,Felcsút,Hotel Belvedere,,5,lolo.for.gold_diggers@gas_fitter.hu,/images/belvedere.jpg,2024-11-19,2024-11-29,4,2,10
david.toth342@example.com,Dávid,Tóth,+36206917560,1990-08-01,/images/default.png,1,Fertő-tó,Hotel Nils am See,LGBT+hotel,4,lolo.for.gold_diggers@gas_fitter.hu,/images/nils.webp,2024-11-22,2024-11-24,2,3,7
adam.hegedus343@example.com,Ádám,Hegedűs,+36317237515,1994-03-21,/images/default.png,2,Budapest,Botaniq Elite Club Hotel,Narancsszerető fiúk privát klubja.,5,elios@bff.cash.in,/images/botaniq.jpg,2024-11-25,2024-11-30,2,2,1
sandor.bognar344@example.com,Sándor,Bognár,+36188498371,1973-11-21,/images/default.png,3,Felcsút,Hotel Belvedere,,5,lolo.for.gold_diggers@gas_fitter.hu,/images/belvedere.jpg,2024-11-28,2024-12-01,1,3,10
imre.takacs345@example.com,Imre,Takács,+36560883210,1991-02-23,/images/default.png,1,Fertő-tó,Hotel Nils am See,LGBT+hotel,4,lolo.for.gold_diggers@gas_fitter.hu,/images/nils.webp,2024-12-01,2024-12-03,1,1,7
elek.balogh346@example.com,Elek,Balogh,+36737458510,1964-09-22,/images/default.png,2,Budapest,Botaniq Elite Club Hotel,Narancsszerető fiúk privát klubja.,5,elios@bff.cash.in,/images/botaniq.jpg,2024-12-04,2024-12-12,1,0,5
janos.hegedus347@example.com,János,Hegedűs,+36845210115,1958-08-03,/images/default.png,3,Felcsút,Hotel Belvedere,,5,lolo.for.gold_diggers@gas_fitter.hu,/images/belvedere.jpg,2024-12-07,2024-12-11,4,0,1
geza.vincze348@example.com,Géza,Vincze,+36494666352,1969-03-13,/images/default.png,1,Fertő-tó,Hotel Nils am See,LGBT+hotel,4,lolo.for.gold_diggers@gas_fitter.hu,/images/nils.webp,2024-12-10,2024-12-23,2,1,1
dominik.nagy349@example.com,Dominik,Nagy,+36755325292,1991-03-15,/images/default.png,2,Budapest,Botaniq Elite Club Hotel,Narancsszerető fiúk privát klubja.,5,elios@bff.cash.in,/images/botaniq.jpg,2024-12-13,2024-12-19,2,1,6
marton.fodor350@example.com,Márton,Fodor,+36193080561,1956-03-25,/images/default.png,3,Felcsút,Hotel Belvedere,,5,lolo.for.gold_diggers@gas_fitter.hu,/images/belvedere.jpg,2024-12-16,2024-12-18,4,2,6
kalman.balogh351@example.com,Kálmán,Balogh,+36366058599,1967-11-03,/images/default.png,1,Fertő-tó,Hotel Nils am See,LGBT+hotel,4,lolo.for.gold_diggers@gas_fitter.hu,/images/nils.webp,2024-12-19,2024-12-23,3,0,10
imre.fodor352@example.com,Imre,Fodor,+36655928892,1988-09-07,/images/default.png,2,Budapest,Botaniq Elite Club Hotel,Narancsszerető fiúk privát klubja.,5,elios@bff.cash.in,/images/botaniq.jpg,2024-12-22,2025-01-03,4,2,10
david.szalai353@example.com,Dávid,Szalai,+36631381642,1974-02-08,/images/default.png,3,Felcsút,Hotel Belvedere,,5,lolo.for.gold_diggers@gas_fitter.hu,/images/belvedere.jpg,2024-12-25,2025-01-02,1,0,5
kalman.balogh354@example.com,Kálmán,Balogh,+36515364404,1986-07-12,/images/default.png,1,Fertő-tó,Hotel Nils am See,LGBT+hotel,4,lolo.for.gold_diggers@gas_fitter.hu,/images/nils.webp,2024-12-28,2025-01-06,2,3,1
bence.horvath355@example.com,Bence,Horváth,+36114810579,1966-04-02,/images/default.png,2,Budapest,Botaniq Elite Club Hotel,Narancsszerető fiúk privát klubja.,5,elios@bff.cash.in,/images/botaniq.jpg,2024-12-31,2025-01-01,4,2,10
balint.gombos356@example.com,Bálint,Gombos,+36554810443,1994-07-03,/images/default.png,3,Felcsút,Hotel Belvedere,,5,lolo.for.gold_diggers@gas_fitter.hu,/images/belvedere.jpg,2025-01-03,2025-01-14,2,2,1
imre.varga357@example.com,Imre,Varga,+36649009234,1963-03-18,/images/default.png,1,Fertő-tó,Hotel Nils am See,LGBT+hotel,4,lolo.for.gold_diggers@gas_fitter.hu,/images/nils.webp,2025-01-06,2025-01-12,4,0,4
otto.szalai358@example.com,Ottó,Szalai,+36162176039,1965-02-14,/images/default.png,2,Budapest,Botaniq Elite Club Hotel,Narancsszerető fiúk privát klubja.,5,elios@bff.cash.in,/images/botaniq.jpg,2025-01-09,2025-01-11,4,0,4
pisti.molnar359@example.com,Pisti,Molnár,+36113598909,1995-03-23,/images/default.png,3,Felcsút,Hotel Belvedere,,5,lolo.for.gold_diggers@gas_fitter.hu,/images/belvedere.jpg,2025-01-12,2025-01-13,2,3,5
dominik.nyul360@example.com,Dominik,Nyúl,+36940725996,2002-12-09,/images/default.png,1,Fertő-tó,Hotel Nils am See,LGBT+hotel,4,lolo.for.gold_diggers@gas_fitter.hu,/images/nils.webp,2025-01-15,2025-01-18,3,1,4
janos.kovacs361@example.com,János,Kovács,+36459715348,2001-07-09,/images/default.png,2,Budapest,Botaniq Elite Club Hotel,Narancsszerető fiúk privát klubja.,5,elios@bff.cash.in,/images/botaniq.jpg,2025-01-18,2025-01-27,1,2,9
elek.lendvai362@example.com,Elek,Lendvai,+36588764892,1982-06-02,/images/default.png,3,Felcsút,Hotel Belvedere,,5,lolo.for.gold_diggers@gas_fitter.hu,/images/belvedere.jpg,2025-01-21,2025-01-29,2,2,2
gergo.kiss363@example.com,Gergő,Kiss,+36716233644,1993-12-04,/images/default.png,1,Fertő-tó,Hotel Nils am See,LGBT+hotel,4,lolo.for.gold_diggers@gas_fitter.hu,/images/nils.webp,2025-01-24,2025-01-28,1,0,0
balazs.toth364@example.com,Balázs,Tóth,+36606553372,1973-07-05,/images/default.png,2,Budapest,Botaniq Elite Club Hotel,Narancsszerető fiúk privát klubja.,5,elios@bff.cash.in,/images/botaniq.jpg,2025-01-27,2025-01-30,1,3,3
kalman.szalai365@example.com,Kálmán,Szalai,+36546952114,1996-06-09,/images/default.png,3,Felcsút,Hotel Belvedere,,5,lolo.for.gold_diggers@gas_fitter.hu,/images/belvedere.jpg,2025-01-30,2025-02-13,1,2,1
balint.szabo366@example.com,Bálint,Szabó,+36292569534,1964-09-02,/images/default.png,1,Fertő-tó,Hotel Nils am See,LGBT+hotel,4,lolo.for.gold_diggers@gas_fitter.hu,/images/nils.webp,2025-02-02,2025-02-09,1,3,4
imre.vincze367@example.com,Imre,Vincze,+36192755745,1985-08-01,/images/default.png,2,Budapest,Botaniq Elite Club Hotel,Narancsszerető fiúk privát klubja.,5,elios@bff.cash.in,/images/botaniq.jpg,2025-02-05,2025-02-11,2,2,9
imre.szalai368@example.com,Imre,Szalai,+36598137488,1973-10-16,/images/default.png,3,Felcsút,Hotel Belvedere,,5,lolo.for.gold_diggers@gas_fitter.hu,/images/belvedere.jpg,2025-02-08,2025-02-21,2,1,2
adam.gombos369@example.com,Ádám,Gombos,+36125673445,1964-09-12,/images/default.png,1,Fertő-tó,Hotel Nils am See,LGBT+hotel,4,lolo.for.gold_diggers@gas_fitter.hu,/images/nils.webp,2025-02-11,2025-02-22,1,2,0
bela.racz370@example.com,Béla,Rácz,+36211614410,1963-09-08,/images/default.png,2,Budapest,Botaniq Elite Club Hotel,Narancsszerető fiúk privát klubja.,5,elios@bff.cash.in,/images/botaniq.jpg,2025-02-14,2025-02-21,4,0,2
kopasz.varga371@example.com,Kopasz,Varga,+36147137549,1964-09-14,/images/default.png,3,Felcsút,Hotel Belvedere,,5,lolo.for.gold_diggers@gas_fitter.hu,/images/belvedere.jpg,2025-02-17,2025-03-01,3,3,1
geza.makkai372@example.com,Géza,Makkai,+36243359401,1990-07-03,/images/default.png,1,Fertő-tó,Hotel Nils am See,LGBT+hotel,4,lolo.for.gold_diggers@gas_fitter.hu,/images/nils.webp,2025-02-20,2025-03-02,1,3,10
mark.szalai373@example.com,Márk,Szalai,+36413184748,1966-06-26,/images/default.png,2,Budapest,Botaniq Elite Club Hotel,Narancsszerető fiúk privát klubja.,5,elios@bff.cash.in,/images/botaniq.jpg,2025-02-23,2025-03-02,3,2,7
kopasz.takacs374@example.com,Kopasz,Takács,+36180195016,1962-03-25,/images/default.png,3,Felcsút,Hotel Belvedere,,5,lolo.for.gold_diggers@gas_fitter.hu,/images/belvedere.jpg,2025-02-26,2025-03-11,1,1,1
tamas.ivan375@example.com,Tamás,Iván,+36600422869,1970-07-04,/images/default.png,1,Fertő-tó,Hotel Nils am See,LGBT+hotel,4,lolo.for.gold_diggers@gas_fitter.hu,/images/nils.webp,2025-03-01,2025-03-10,3,1,7
imre.juhasz376@example.com,Imre,Juhász,+36384550090,1957-02-06,/images/default.png,2,Budapest,Botaniq Elite Club Hotel,Narancsszerető fiúk privát klubja.,5,elios@bff.cash.in,/images/botaniq.jpg,2025-03-04,2025-03-17,3,0,3
kalman.nemeth377@example.com,Kálmán,Németh,+36197939109,1995-04-12,/images/default.png,3,Felcsút,Hotel Belvedere,,5,lolo.for.gold_diggers@gas_fitter.hu,/images/belvedere.jpg,2025-03-07,2025-03-14,1,2,4
pisti.kovacs378@example.com,Pisti,Kovács,+36534212844,1978-09-24,/images/default.png,1,Fertő-tó,Hotel Nils am See,LGBT+hotel,4,lolo.for.gold_diggers@gas_fitter.hu,/images/nils.webp,2025-03-10,2025-03-19,2,0,7
geza.balogh379@example.com,Géza,Balogh,+36230409444,1950-01-27,/images/default.png,2,Budapest,Botaniq Elite Club Hotel,Narancsszerető fiúk privát klubja.,5,elios@bff.cash.in,/images/botaniq.jpg,2025-03-13,2025-03-26,2,1,3
jeno.devenyi380@example.com,Jenő,Dévényi,+36836893185,1990-11-03,/images/default.png,3,Felcsút,Hotel Belvedere,,5,lolo.for.gold_diggers@gas_fitter.hu,/images/belvedere.jpg,2025-03-16,2025-03-26,3,0,0
elek.meszaros381@example.com,Elek,Mészáros,+36793623149,1978-03-03,/images/default.png,1,Fertő-tó,Hotel Nils am See,LGBT+hotel,4,lolo.for.gold_diggers@gas_fitter.hu,/images/nils.webp,2025-03-19,2025-04-02,3,0,0
zoltan.szabo382@example.com,Zoltán,Szabó,+36280377032,1986-07-27,/images/default.png,2,Budapest,Botaniq Elite Club Hotel,Narancsszerető fiúk privát klubja.,5,elios@bff.cash.in,/images/botaniq.jpg,2025-03-22,2025-04-03,4,3,0
bela.hegedus383@example.com,Béla,Hegedűs,+36285550328,1972-04-06,/images/default.png,3,Felcsút,Hotel Belvedere,,5,lolo.for.gold_diggers@gas_fitter.hu,/images/belvedere.jpg,2025-03-25,2025-03-30,3,3,2
csaba.szalai384@example.com,Csaba,Szalai,+36795009888,1968-08-14,/images/default.png,1,Fertő-tó,Hotel Nils am See,LGBT+hotel,4,lolo.for.gold_diggers@gas_fitter.hu,/images/nils.webp,2025-03-28,2025-04-06,4,0,1
kopasz.erdos385@example.com,Kopasz,Erdős,+36247356051,1976-04-21,/images/default.png,2,Budapest,Botaniq Elite Club Hotel,Narancsszerető fiúk privát klubja.,5,elios@bff.cash.in,/images/botaniq.jpg,2025-03-31,2025-04-13,2,0,6
karoly.kertesz386@example.com,Károly,Kertész,+36684671539,2000-08-12,/images/default.png,3,Felcsút,Hotel Belvedere,,5,lolo.for.gold_diggers@gas_fitter.hu,/images/belvedere.jpg,2025-04-03,2025-04-13,3,3,4
pisti.kovacs387@example.com,Pisti,Kovács,+36442392183,1988-04-01,/images/default.png,1,Fertő-tó,Hotel Nils am See,LGBT+hotel,4,lolo.for.gold_diggers@gas_fitter.hu,/images/nils.webp,2025-04-06,2025-04-19,3,0,7
dominik.csizmas388@example.com,Dominik,Csizmás,+36923390510,1987-04-06,/images/default.png,2,Budapest,Botaniq Elite Club Hotel,Narancsszerető fiúk privát klubja.,5,elios@bff.cash.in,/images/botaniq.jpg,2025-04-09,2025-04-11,2,1,4
erno.szabo389@example.com,Ernő,Szabó,+36920392140,1964-10-28,/images/default.png,3,Felcsút,Hotel Belvedere,,5,lolo.for.gold_diggers@gas_fitter.hu,/images/belvedere.jpg,2025-04-12,2025-04-25,4,2,2
pisti.szalai390@example.com,Pisti,Szalai,+36736212983,1970-12-23,/images/default.png,1,Fertő-tó,Hotel Nils am See,LGBT+hotel,4,lolo.for.gold_diggers@gas_fitter.hu,/images/nils.webp,2025-04-15,2025-04-21,1,2,9
zsombor.nemeth391@example.com,Zsombor,Németh,+36704633564,1962-08-18,/images/default.png,2,Budapest,Botaniq Elite Club Hotel,Narancsszerető fiúk privát klubja.,5,elios@bff.cash.in,/images/botaniq.jpg,2025-04-18,2025-04-23,2,3,0
ferenc.szabo392@example.com,Ferenc,Szabó,+36349777425,1988-04-01,/images/default.png,3,Felcsút,Hotel Belvedere,,5,lolo.for.gold_diggers@gas_fitter.hu,/images/belvedere.jpg,2025-04-21,2025-04-30,4,0,5
robert.balogh393@example.com,Róbert,Balogh,+36465887237,1995-03-26,/images/default.png,1,Fertő-tó,Hotel Nils am See,LGBT+hotel,4,lolo.for.gold_diggers@gas_fitter.hu,/images/nils.webp,2025-04-24,2025-05-08,3,0,0
peter.nemeth394@example.com,Péter,Németh,+36931469703,1957-09-28,/images/default.png,2,Budapest,Botaniq Elite Club Hotel,Narancsszerető fiúk privát klubja.,5,elios@bff.cash.in,/images/botaniq.jpg,2025-04-27,2025-05-03,1,2,10
jeno.kiss395@example.com,Jenő,Kiss,+36461379699,1969-06-05,/images/default.png,3,Felcsút,Hotel Belvedere,,5,lolo.for.gold_diggers@gas_fitter.hu,/images/belvedere.jpg,2025-04-30,2025-05-03,4,3,10
kalman.papp396@example.com,Kálmán,Papp,+36859331874,1985-12-20,/images/default.png,1,Fertő-tó,Hotel Nils am See,LGBT+hotel,4,lolo.for.gold_diggers@gas_fitter.hu,/images/nils.webp,2025-05-03,2025-05-16,3,1,10
pisti.erdos397@example.com,Pisti,Erdős,+36429448930,1996-12-10,/images/default.png,2,Budapest,Botaniq Elite Club Hotel,Narancsszerető fiúk privát klubja.,5,elios@bff.cash.in,/images/botaniq.jpg,2025-05-06,2025-05-09,2,0,9
jeno.toth398@example.com,Jenő,Tóth,+36295508799,1988-06-26,/images/default.png,3,Felcsút,Hotel Belvedere,,5,lolo.for.gold_diggers@gas_fitter.hu,/images/belvedere.jpg,2025-05-09,2025-05-19,2,0,7
peter.bakos399@example.com,Péter,Bakos,+36900306310,1954-04-12,/images/default.png,1,Fertő-tó,Hotel Nils am See,LGBT+hotel,4,lolo.for.gold_diggers@gas_fitter.hu,/images/nils.webp,2025-05-12,2025-05-18,2,0,10
laszlo.ivan400@example.com,László,Iván,+36112235959,1966-04-08,/images/default.png,2,Budapest,Botaniq Elite Club Hotel,Narancsszerető fiúk privát klubja.,5,elios@bff.cash.in,/images/botaniq.jpg,2025-05-15,2025-05-27,1,2,4
geza.nagy401@example.com,Géza,Nagy,+36151697938,1974-08-24,/images/default.png,3,Felcsút,Hotel Belvedere,,5,lolo.for.gold_diggers@gas_fitter.hu,/images/belvedere.jpg,2025-05-18,2025-05-25,2,3,7
bela.csizmas402@example.com,Béla,Csizmás,+36686288768,1974-02-27,/images/default.png,1,Fertő-tó,Hotel Nils am See,LGBT+hotel,4,lolo.for.gold_diggers@gas_fitter.hu,/images/nils.webp,2025-05-21,2025-05-29,2,1,7
elek.toth403@example.com,Elek,Tóth,+36416655712,1951-06-09,/images/default.png,2,Budapest,Botaniq Elite Club Hotel,Narancsszerető fiúk privát klubja.,5,elios@bff.cash.in,/images/botaniq.jpg,2025-05-24,2025-05-26,1,2,2
bela.fekete404@example.com,Béla,Fekete,+36885963005,1954-09-03,/images/default.png,3,Felcsút,Hotel Belvedere,,5,lolo.for.gold_diggers@gas_fitter.hu,/images/belvedere.jpg,2025-05-27,2025-06-02,4,0,6
tamas.hegedus405@example.com,Tamás,Hegedűs,+36268688902,1953-02-11,/images/default.png,1,Fertő-tó,Hotel Nils am See,LGBT+hotel,4,lolo.for.gold_diggers@gas_fitter.hu,/images/nils.webp,2025-05-30,2025-06-03,2,3,8
erno.bognar406@example.com,Ernő,Bognár,+36809311588,1968-05-08,/images/default.png,2,Budapest,Botaniq Elite Club Hotel,Narancsszerető fiúk privát klubja.,5,elios@bff.cash.in,/images/botaniq.jpg,2025-06-02,2025-06-04,1,3,9
feri.lendvai407@example.com,Feri,Lendvai,+36264915937,1953-06-01,/images/default.png,3,Felcsút,Hotel Belvedere,,5,lolo.for.gold_diggers@gas_fitter.hu,/images/belvedere.jpg,2025-06-05,2025-06-12,1,2,10
kornel.meszaros408@example.com,Kornél,Mészáros,+36204138894,1951-04-06,/images/default.png,1,Fertő-tó,Hotel Nils am See,LGBT+hotel,4,lolo.for.gold_diggers@gas_fitter.hu,/images/nils.webp,2025-06-08,2025-06-19,3,0,7
janos.racz409@example.com,János,Rácz,+36942754807,1975-08-16,/images/default.png,2,Budapest,Botaniq Elite Club Hotel,Narancsszerető fiúk privát klubja.,5,elios@bff.cash.in,/images/botaniq.jpg,2025-06-11,2025-06-22,3,0,10
erno.erdos410@example.com,Ernő,Erdős,+36298514700,1973-07-12,/images/default.png,3,Felcsút,Hotel Belvedere,,5,lolo.for.gold_diggers@gas_fitter.hu,/images/belvedere.jpg,2025-06-14,2025-06-17,4,0,4
marton.juhasz411@example.com,Márton,Juhász,+36382824466,1964-05-19,/images/default.png,1,Fertő-tó,Hotel Nils am See,LGBT+hotel,4,lolo.for.gold_diggers@gas_fitter.hu,/images/nils.webp,2025-06-17,2025-06-18,2,0,1
karoly.orbanics412@example.com,Károly,Orbánics,+36544514776,1998-10-08,/images/default.png,2,Budapest,Botaniq Elite Club Hotel,Narancsszerető fiúk privát klubja.,5,elios@bff.cash.in,/images/botaniq.jpg,2025-06-20,2025-06-29,1,3,8
gusztav.orbanics413@example.com,Gusztáv,Orbánics,+36837733572,1980-10-08,/images/default.png,3,Felcsút,Hotel Belvedere,,5,lolo.for.gold_diggers@gas_fitter.hu,/images/belvedere.jpg,2025-06-23,2025-07-01,3,0,6
csaba.makkai414@example.com,Csaba,Makkai,+36713342728,1983-10-22,/images/default.png,1,Fertő-tó,Hotel Nils am See,LGBT+hotel,4,lolo.for.gold_diggers@gas_fitter.hu,/images/nils.webp,2025-06-26,2025-07-06,2,0,7
pisti.fekete415@example.com,Pisti,Fekete,+36327515325,2001-04-05,/images/default.png,2,Budapest,Botaniq Elite Club Hotel,Narancsszerető fiúk privát klubja.,5,elios@bff.cash.in,/images/botaniq.jpg,2025-06-29,2025-06-30,4,0,10
otto.meszaros416@example.com,Ottó,Mészáros,+36983221403,1990-03-27,/images/default.png,3,Felcsút,Hotel Belvedere,,5,lolo.for.gold_diggers@gas_fitter.hu,/images/belvedere.jpg,2025-07-02,2025-07-12,3,2,1
ferenc.erdos417@example.com,Ferenc,Erdős,+36697391512,1975-09-11,/images/default.png,1,Fertő-tó,Hotel Nils am See,LGBT+hotel,4,lolo.for.gold_diggers@gas_fitter.hu,/images/nils.webp,2025-07-05,2025-07-19,3,3,0
dominik.gombos418@example.com,Dominik,Gombos,+36220816186,1976-03-05,/images/default.png,2,Budapest,Botaniq Elite Club Hotel,Narancsszerető fiúk privát klubja.,5,elios@bff.cash.in,/images/botaniq.jpg,2025-07-08,2025-07-18,1,0,9
geza.simon419@example.com,Géza,Simon,+36675132064,1972-07-09,/images/default.png,3,Felcsút,Hotel Belvedere,,5,lolo.for.gold_diggers@gas_fitter.hu,/images/belvedere.jpg,2025-07-11,2025-07-18,4,3,0
pisti.gulyas420@example.com,Pisti,Gulyás,+36532689999,1959-10-20,/images/default.png,1,Fertő-tó,Hotel Nils am See,LGBT+hotel,4,lolo.for.gold_diggers@gas_fitter.hu,/images/nils.webp,2025-07-14,2025-07-25,4,0,6
laszlo.szalai421@example.com,László,Szalai,+36152925780,1997-08-09,/images/default.png,2,Budapest,Botaniq Elite Club Hotel,Narancsszerető fiúk privát klubja.,5,elios@bff.cash.in,/images/botaniq.jpg,2025-07-17,2025-07-23,1,2,4
imre.gulyas422@example.com,Imre,Gulyás,+36627872109,1994-11-04,/images/default.png,3,Felcsút,Hotel Belvedere,,5,lolo.for.gold_diggers@gas_fitter.hu,/images/belvedere.jpg,2025-07-20,2025-08-03,2,1,4
marton.vincze423@example.com,Márton,Vincze,+36389287503,1996-07-20,/images/default.png,1,Fertő-tó,Hotel Nils am See,LGBT+hotel,4,lolo.for.gold_diggers@gas_fitter.hu,/images/nils.webp,2025-07-23,2025-08-03,1,1,7
zsolt.gombos424@example.com,Zsolt,Gombos,+36895583423,1981-09-28,/images/default.png,2,Budapest,Botaniq Elite Club Hotel,Narancsszerető fiúk privát klubja.,5,elios@bff.cash.in,/images/botaniq.jpg,2025-07-26,2025-08-01,1,1,1
imre.makkai425@example.com,Imre,Makkai,+36533131502,1958-09-19,/images/default.png,3,Felcsút,Hotel Belvedere,,5,lolo.for.gold_diggers@gas_fitter.hu,/images/belvedere.jpg,2025-07-29,2025-07-30,2,1,3
david.szalai426@example.com,Dávid,Szalai,+36135509761,1979-01-12,/images/default.png,1,Fertő-tó,Hotel Nils am See,LGBT+hotel,4,lolo.for.gold_diggers@gas_fitter.hu,/images/nils.webp,2025-08-01,2025-08-13,2,2,5
zoltan.makkai427@example.com,Zoltán,Makkai,+36526213526,1990-02-22,/images/default.png,2,Budapest,Botaniq Elite Club Hotel,Narancsszerető fiúk privát klubja.,5,elios@bff.cash.in,/images/botaniq.jpg,2025-08-04,2025-08-05,2,2,7
marton.papp428@example.com,Márton,Papp,+36609578849,1987-09-12,/images/default.png,3,Felcsút,Hotel Belvedere,,5,lolo.for.gold_diggers@gas_fitter.hu,/images/belvedere.jpg,2025-08-07,2025-08-13,2,2,1
gyuri.kovacs429@example.com,Gyuri,Kovács,+36515071728,1953-03-28,/images/default.png,1,Fertő-tó,Hotel Nils am See,LGBT+hotel,4,lolo.for.gold_diggers@gas_fitter.hu,/images/nils.webp,2025-08-10,2025-08-20,2,1,10
misi.fodor430@example.com,Misi,Fodor,+36388926290,1991-07-17,/images/default.png,2,Budapest,Botaniq Elite Club Hotel,Narancsszerető fiúk privát klubja.,5,elios@bff.cash.in,/images/botaniq.jpg,2025-08-13,2025-08-14,1,3,2
pisti.nagy431@example.com,Pisti,Nagy,+36340271240,1966-10-26,/images/default.png,3,Felcsút,Hotel Belvedere,,5,lolo.for.gold_diggers@gas_fitter.hu,/images/belvedere.jpg,2025-08-16,2025-08-21,3,3,6
karoly.juhasz432@example.com,Károly,Juhász,+36370581558,1963-08-10,/images/default.png,1,Fertő-tó,Hotel Nils am See,LGBT+hotel,4,lolo.for.gold_diggers@gas_fitter.hu,/images/nils.webp,2025-08-19,2025-08-30,4,0,0
balint.devenyi433@example.com,Bálint,Dévényi,+36702859986,1991-10-20,/images/default.png,2,Budapest,Botaniq Elite Club Hotel,Narancsszerető fiúk privát klubja.,5,elios@bff.cash.in,/images/botaniq.jpg,2025-08-22,2025-08-27,3,0,7
elek.bakos434@example.com,Elek,Bakos,+36396871629,1990-06-28,/images/default.png,3,Felcsút,Hotel Belvedere,,5,lolo.for.gold_diggers@gas_fitter.hu,/images/belvedere.jpg,2025-08-25,2025-08-30,3,2,3
peter.nyul435@example.com,Péter,Nyúl,+36921921869,1965-01-26,/images/default.png,1,Fertő-tó,Hotel Nils am See,LGBT+hotel,4,lolo.for.gold_diggers@gas_fitter.hu,/images/nils.webp,2025-08-28,2025-09-11,4,2,10
mark.kovacs436@example.com,Márk,Kovács,+36803731001,1981-05-09,/images/default.png,2,Budapest,Botaniq Elite Club Hotel,Narancsszerető fiúk privát klubja.,5,elios@bff.cash.in,/images/botaniq.jpg,2025-08-31,2025-09-07,4,3,0
zsombor.meszaros437@example.com,Zsombor,Mészáros,+36468472812,1996-12-08,/images/default.png,3,Felcsút,Hotel Belvedere,,5,lolo.for.gold_diggers@gas_fitter.hu,/images/belvedere.jpg,2025-09-03,2025-09-14,4,2,8
imre.fekete438@example.com,Imre,Fekete,+36806108387,1985-03-10,/images/default.png,1,Fertő-tó,Hotel Nils am See,LGBT+hotel,4,lolo.for.gold_diggers@gas_fitter.hu,/images/nils.webp,2025-09-06,2025-09-08,4,1,4
feri.papp439@example.com,Feri,Papp,+36829835592,1971-11-03,/images/default.png,2,Budapest,Botaniq Elite Club Hotel,Narancsszerető fiúk privát klubja.,5,elios@bff.cash.in,/images/botaniq.jpg,2025-09-09,2025-09-13,3,1,4
gusztav.bakos440@example.com,Gusztáv,Bakos,+36499090969,1966-10-10,/images/default.png,3,Felcsút,Hotel Belvedere,,5,lolo.for.gold_diggers@gas_fitter.hu,/images/belvedere.jpg,2025-09-12,2025-09-20,1,3,0
elek.kertesz441@example.com,Elek,Kertész,+36308889819,1982-02-28,/images/default.png,1,Fertő-tó,Hotel Nils am See,LGBT+hotel,4,lolo.for.gold_diggers@gas_fitter.hu,/images/nils.webp,2025-09-15,2025-09-26,4,2,6
david.nemeth442@example.com,Dávid,Németh,+36247494816,1962-06-14,/images/default.png,2,Budapest,Botaniq Elite Club Hotel,Narancsszerető fiúk privát klubja.,5,elios@bff.cash.in,/images/botaniq.jpg,2025-09-18,2025-09-28,4,1,5
pisti.varga443@example.com,Pisti,Varga,+36623535947,1971-11-06,/images/default.png,3,Felcsút,Hotel Belvedere,,5,lolo.for.gold_diggers@gas_fitter.hu,/images/belvedere.jpg,2025-09-21,2025-09-27,1,0,7
kopasz.fodor444@example.com,Kopasz,Fodor,+36917325063,1999-03-19,/images/default.png,1,Fertő-tó,Hotel Nils am See,LGBT+hotel,4,lolo.for.gold_diggers@gas_fitter.hu,/images/nils.webp,2025-09-24,2025-10-07,2,3,1
mark.hegedus445@example.com,Márk,Hegedűs,+36780202067,1977-07-14,/images/default.png,2,Budapest,Botaniq Elite Club Hotel,Narancsszerető fiúk privát klubja.,5,elios@bff.cash.in,/images/botaniq.jpg,2025-09-27,2025-10-05,4,0,0
erno.meszaros446@example.com,Ernő,Mészáros,+36884539206,1973-01-11,/images/default.png,3,Felcsút,Hotel Belvedere,,5,lolo.for.gold_diggers@gas_fitter.hu,/images/belvedere.jpg,2025-09-30,2025-10-13,2,0,10
adam.szalai447@example.com,Ádám,Szalai,+36342950952,1994-06-10,/images/default.png,1,Fertő-tó,Hotel Nils am See,LGBT+hotel,4,lolo.for.gold_diggers@gas_fitter.hu,/images/nils.webp,2025-10-03,2025-10-06,1,3,8
imre.fekete448@example.com,Imre,Fekete,+36170101400,2002-01-10,/images/default.png,2,Budapest,Botaniq Elite Club Hotel,Narancsszerető fiúk privát klubja.,5,elios@bff.cash.in,/images/botaniq.jpg,2025-10-06,2025-10-11,4,2,6
mark.bakos449@example.com,Márk,Bakos,+36626325353,1972-04-06,/images/default.png,3,Felcsút,Hotel Belvedere,,5,lolo.for.gold_diggers@gas_fitter.hu,/images/belvedere.jpg,2025-10-09,2025-10-22,4,0,3
